,Computers available,Departed wait queue,Patrons today,Patrons_waiting 1,Patrons_waiting 10,Patrons_waiting 2,Patrons_waiting 3,Patrons_waiting 4,Patrons_waiting 5,Patrons_waiting 6,Patrons_waiting 7,Patrons_waiting 8,Patrons_waiting 9,Utilization 1,Utilization 10,Utilization 2,Utilization 3,Utilization 4,Utilization 5,Utilization 6,Utilization 7,Utilization 8,Utilization 9,max wait duration,median wait duration,min wait duration,Inventory qty
0,71,98,514,0,58,0,0,3,55,124,124,111,88,0.352112676056338,0.9859154929577465,0.2676056338028169,0.5352112676056338,0.9859154929577465,1.0,1.0,0.9859154929577465,0.9859154929577465,0.9859154929577465,89.0,26.5,0.0,75
1,71,103,526,0,33,0,0,9,73,122,123,82,49,0.14084507042253522,0.8873239436619719,0.22535211267605634,0.38028169014084506,0.9859154929577465,1.0,0.9859154929577465,0.9859154929577465,1.0,1.0,83.0,30.0,0.0,75
2,71,128,521,0,41,0,0,22,80,141,147,110,68,0.2535211267605634,0.9436619718309859,0.38028169014084506,0.5070422535211268,1.0,0.9859154929577465,0.9859154929577465,1.0,0.9859154929577465,1.0,89.0,39.0,0.0,75
3,71,96,516,0,32,0,0,18,66,94,103,77,59,0.2535211267605634,0.9436619718309859,0.352112676056338,0.5492957746478874,0.9859154929577465,1.0,1.0,0.9859154929577465,1.0,1.0,86.0,28.0,0.0,75
4,70,134,511,0,30,0,0,11,74,112,107,69,52,0.24285714285714285,0.9857142857142858,0.32857142857142857,0.4714285714285714,0.9857142857142858,1.0,0.9857142857142858,1.0,1.0,0.9857142857142858,89.0,38.0,0.0,75
5,71,110,542,0,61,0,0,14,69,146,171,131,91,0.19718309859154928,0.9859154929577465,0.30985915492957744,0.5774647887323944,0.9859154929577465,1.0,1.0,0.9859154929577465,1.0,1.0,88.0,22.0,0.0,75
6,70,167,527,0,0,0,0,12,61,110,102,36,8,0.14285714285714285,0.8285714285714286,0.2857142857142857,0.42857142857142855,0.9857142857142858,1.0,1.0,1.0,1.0,0.9857142857142858,89.0,38.0,0.0,75
7,70,109,493,0,49,0,0,0,59,125,156,103,79,0.2714285714285714,1.0,0.17142857142857143,0.3142857142857143,0.9,0.9857142857142858,0.9857142857142858,1.0,1.0,1.0,88.0,31.0,0.0,75
8,70,113,535,0,79,0,0,6,60,122,161,116,106,0.22857142857142856,0.9714285714285714,0.35714285714285715,0.5857142857142857,0.9857142857142858,0.9857142857142858,0.9857142857142858,1.0,1.0,0.9857142857142858,87.0,33.0,0.0,75
9,71,98,505,0,52,0,0,15,62,127,151,95,70,0.14084507042253522,0.971830985915493,0.352112676056338,0.647887323943662,0.9859154929577465,1.0,1.0,1.0,1.0,1.0,87.0,37.0,0.0,75
10,71,99,515,0,77,0,0,6,47,127,157,120,89,0.28169014084507044,0.7887323943661971,0.2535211267605634,0.43661971830985913,0.9859154929577465,1.0,1.0,1.0,0.9859154929577465,0.9859154929577465,88.0,26.0,0.0,75
11,70,156,534,0,40,0,0,6,64,125,144,106,64,0.22857142857142856,0.9428571428571428,0.22857142857142856,0.44285714285714284,0.9857142857142858,1.0,1.0,0.9857142857142858,0.9857142857142858,1.0,88.0,37.0,0.0,75
12,70,125,514,0,15,0,0,14,57,118,145,69,39,0.24285714285714285,0.9428571428571428,0.2714285714285714,0.44285714285714284,1.0,1.0,1.0,1.0,0.9857142857142858,1.0,89.0,38.0,0.0,75
13,71,97,510,0,41,0,0,1,65,125,129,87,71,0.18309859154929578,0.9859154929577465,0.2112676056338028,0.4084507042253521,1.0,1.0,1.0,1.0,1.0,0.9859154929577465,89.0,33.0,0.0,75
14,70,113,491,0,50,0,0,0,51,107,113,92,69,0.24285714285714285,0.9428571428571428,0.3,0.4857142857142857,0.9714285714285714,1.0,0.9857142857142858,0.9857142857142858,1.0,1.0,84.0,33.0,0.0,75
15,71,120,553,0,70,0,0,7,60,149,148,116,95,0.14084507042253522,0.9859154929577465,0.18309859154929578,0.39436619718309857,1.0,1.0,1.0,0.9859154929577465,1.0,1.0,88.0,36.0,0.0,75
16,71,112,544,0,35,0,0,1,71,129,115,70,51,0.2535211267605634,0.971830985915493,0.39436619718309857,0.5774647887323944,1.0,0.9859154929577465,0.9859154929577465,1.0,1.0,1.0,89.0,33.0,0.0,75
17,70,110,521,0,8,0,0,10,72,102,100,57,20,0.35714285714285715,0.9142857142857143,0.42857142857142855,0.4857142857142857,1.0,1.0,1.0,0.9857142857142858,1.0,1.0,89.0,34.0,0.0,75
18,70,119,536,0,58,0,0,10,66,130,166,123,96,0.2571428571428571,1.0,0.38571428571428573,0.4714285714285714,1.0,1.0,0.9857142857142858,1.0,0.9857142857142858,1.0,89.0,34.0,0.0,75
19,71,97,498,0,63,0,0,6,54,141,144,96,83,0.14084507042253522,0.8873239436619719,0.2535211267605634,0.36619718309859156,1.0,0.9859154929577465,1.0,1.0,1.0,1.0,86.0,23.0,0.0,75
20,70,70,496,0,78,0,0,5,64,131,157,135,94,0.22857142857142856,0.8428571428571429,0.42857142857142855,0.4,0.9857142857142858,1.0,1.0,1.0,1.0,1.0,88.0,20.0,0.0,75
21,70,101,573,0,91,0,0,9,87,154,180,150,122,0.21428571428571427,0.9714285714285714,0.21428571428571427,0.44285714285714284,0.9857142857142858,0.9857142857142858,1.0,0.9857142857142858,0.9857142857142858,1.0,89.0,26.0,0.0,75
22,71,95,517,0,78,0,0,6,76,132,143,116,93,0.22535211267605634,0.8450704225352113,0.28169014084507044,0.36619718309859156,1.0,0.9859154929577465,0.9859154929577465,0.9859154929577465,1.0,1.0,89.0,36.0,0.0,75
23,70,140,544,0,42,0,0,11,66,127,139,101,64,0.15714285714285714,0.9142857142857143,0.37142857142857144,0.5142857142857142,0.9857142857142858,0.9857142857142858,1.0,1.0,0.9857142857142858,1.0,87.0,37.5,0.0,75
24,71,109,556,0,72,0,0,26,93,138,164,127,98,0.22535211267605634,0.9436619718309859,0.29577464788732394,0.5774647887323944,1.0,1.0,0.9859154929577465,0.9859154929577465,1.0,0.9859154929577465,89.0,28.0,0.0,75
25,70,116,521,0,37,0,0,1,58,119,159,81,54,0.17142857142857143,1.0,0.3,0.5,0.9857142857142858,1.0,0.9857142857142858,1.0,1.0,0.9857142857142858,88.0,35.0,0.0,75
26,71,89,512,0,74,0,0,5,52,120,123,104,90,0.2112676056338028,0.9154929577464789,0.3380281690140845,0.5352112676056338,0.9859154929577465,1.0,1.0,0.9859154929577465,0.9859154929577465,1.0,87.0,23.5,0.0,75
27,70,100,524,0,81,0,0,26,77,136,153,117,93,0.2571428571428571,0.9142857142857143,0.34285714285714286,0.5,1.0,1.0,0.9857142857142858,0.9857142857142858,1.0,1.0,85.0,29.5,0.0,75
28,70,130,511,0,0,0,0,15,55,91,83,35,6,0.24285714285714285,0.7857142857142857,0.32857142857142857,0.45714285714285713,1.0,0.9857142857142858,1.0,1.0,0.9857142857142858,1.0,89.0,36.0,0.0,75
29,71,128,550,0,54,0,0,8,63,130,143,100,73,0.22535211267605634,0.8732394366197183,0.22535211267605634,0.4647887323943662,1.0,1.0,1.0,1.0,0.9859154929577465,1.0,85.0,31.0,0.0,75
30,71,71,507,0,77,0,0,7,48,105,150,127,100,0.22535211267605634,0.971830985915493,0.4084507042253521,0.5070422535211268,0.9859154929577465,1.0,0.9859154929577465,0.9859154929577465,0.9859154929577465,1.0,74.0,24.0,0.0,75
31,71,115,518,0,59,0,0,10,54,119,148,94,75,0.19718309859154928,0.9154929577464789,0.30985915492957744,0.4225352112676056,1.0,1.0,0.9859154929577465,0.9859154929577465,1.0,0.9859154929577465,87.0,31.5,0.0,75
32,71,128,538,0,39,0,0,17,59,140,146,90,55,0.30985915492957744,0.8732394366197183,0.352112676056338,0.49295774647887325,1.0,0.9859154929577465,0.9859154929577465,0.9859154929577465,0.9859154929577465,1.0,84.0,37.0,0.0,75
33,70,106,501,0,22,0,0,10,60,131,138,67,38,0.14285714285714285,0.8285714285714286,0.24285714285714285,0.38571428571428573,1.0,1.0,0.9857142857142858,0.9857142857142858,1.0,0.9857142857142858,89.0,32.0,0.0,75
34,71,97,537,0,58,0,0,11,53,126,161,133,90,0.2112676056338028,0.9295774647887324,0.39436619718309857,0.39436619718309857,0.9859154929577465,0.9859154929577465,1.0,0.9859154929577465,1.0,0.9859154929577465,89.0,30.0,0.0,75
35,70,114,522,0,23,0,0,1,54,119,126,66,44,0.2714285714285714,0.9,0.32857142857142857,0.45714285714285713,1.0,1.0,0.9857142857142858,0.9857142857142858,1.0,0.9857142857142858,89.0,29.5,0.0,75
36,71,177,541,0,0,0,0,6,75,127,114,85,23,0.22535211267605634,0.9154929577464789,0.28169014084507044,0.4084507042253521,1.0,1.0,0.9859154929577465,1.0,1.0,0.9859154929577465,95.0,41.0,0.0,75
37,70,112,539,0,35,0,0,33,84,142,117,87,61,0.24285714285714285,0.9571428571428572,0.24285714285714285,0.5142857142857142,0.9857142857142858,0.9857142857142858,0.9857142857142858,1.0,1.0,1.0,89.0,31.0,0.0,75
38,71,115,530,0,53,0,0,0,75,125,118,94,66,0.22535211267605634,0.8450704225352113,0.36619718309859156,0.39436619718309857,1.0,0.9859154929577465,1.0,1.0,1.0,1.0,88.0,31.5,0.0,75
39,70,158,547,0,7,0,0,6,73,137,120,64,37,0.24285714285714285,0.9571428571428572,0.4,0.5571428571428572,1.0,0.9857142857142858,1.0,0.9857142857142858,1.0,1.0,89.0,41.0,0.0,75
40,70,104,528,0,71,0,0,10,71,135,174,109,85,0.32857142857142857,0.8857142857142857,0.4714285714285714,0.5,0.9857142857142858,1.0,0.9857142857142858,0.9857142857142858,0.9857142857142858,1.0,88.0,27.0,0.0,75
41,71,95,502,0,53,0,0,21,56,125,134,103,78,0.19718309859154928,0.9014084507042254,0.22535211267605634,0.39436619718309857,1.0,1.0,0.9859154929577465,1.0,1.0,0.9859154929577465,89.0,28.0,0.0,75
42,70,85,519,0,86,0,0,3,53,134,158,124,109,0.05714285714285714,0.9428571428571428,0.37142857142857144,0.5142857142857142,1.0,1.0,0.9857142857142858,1.0,0.9857142857142858,0.9857142857142858,87.0,32.0,0.0,75
43,71,120,501,0,33,0,0,12,45,102,117,72,55,0.16901408450704225,0.971830985915493,0.29577464788732394,0.4084507042253521,0.9859154929577465,1.0,0.9859154929577465,1.0,1.0,1.0,89.0,31.0,0.0,75
44,70,135,553,0,58,0,0,26,66,132,155,117,83,0.24285714285714285,0.8285714285714286,0.44285714285714284,0.6,1.0,1.0,1.0,1.0,1.0,0.9857142857142858,88.0,34.0,0.0,75
45,71,106,501,0,43,0,0,1,56,98,120,91,67,0.2535211267605634,0.9014084507042254,0.5211267605633803,0.647887323943662,0.9859154929577465,0.9859154929577465,0.9859154929577465,1.0,1.0,1.0,89.0,32.0,0.0,75
46,70,134,549,0,48,0,0,15,83,125,150,119,81,0.2,1.0,0.5857142857142857,0.6285714285714286,1.0,0.9857142857142858,1.0,0.9857142857142858,1.0,0.9857142857142858,89.0,40.0,0.0,75
47,70,135,506,0,2,0,0,12,66,108,113,64,30,0.34285714285714286,1.0,0.35714285714285715,0.6428571428571429,0.9857142857142858,1.0,1.0,1.0,1.0,1.0,94.0,35.5,0.0,75
48,70,99,504,0,32,0,0,21,62,113,107,63,50,0.17142857142857143,0.8285714285714286,0.42857142857142855,0.4714285714285714,0.9857142857142858,0.9857142857142858,0.9857142857142858,0.9857142857142858,1.0,1.0,89.0,32.0,0.0,75
49,70,90,502,0,58,0,0,12,48,106,148,114,79,0.18571428571428572,0.9857142857142858,0.4,0.42857142857142855,0.9857142857142858,0.9857142857142858,0.9857142857142858,1.0,0.9857142857142858,1.0,89.0,30.0,0.0,75
50,70,136,537,0,41,0,0,11,67,101,125,90,59,0.2571428571428571,0.8714285714285714,0.35714285714285715,0.38571428571428573,1.0,0.9857142857142858,0.9857142857142858,1.0,1.0,0.9857142857142858,87.0,29.0,0.0,75
51,70,151,548,0,20,0,0,12,67,140,146,82,37,0.18571428571428572,0.8857142857142857,0.22857142857142856,0.44285714285714284,1.0,1.0,1.0,0.9857142857142858,1.0,0.9857142857142858,88.0,45.0,0.0,75
52,71,73,515,0,85,0,0,7,41,120,154,130,110,0.23943661971830985,0.971830985915493,0.3380281690140845,0.49295774647887325,1.0,0.9859154929577465,1.0,1.0,1.0,0.9859154929577465,86.0,23.0,0.0,75
53,70,173,527,0,2,0,0,0,59,118,121,66,39,0.17142857142857143,0.9285714285714286,0.3,0.5142857142857142,0.9714285714285714,1.0,1.0,1.0,1.0,0.9857142857142858,89.0,39.0,0.0,75
54,71,107,501,0,39,0,0,0,47,114,145,94,73,0.15492957746478872,0.9859154929577465,0.2112676056338028,0.36619718309859156,0.8591549295774648,0.9859154929577465,0.9859154929577465,0.9859154929577465,1.0,1.0,89.0,31.0,0.0,75
55,70,140,549,0,22,0,0,10,63,111,141,79,59,0.2,1.0,0.3,0.42857142857142855,1.0,1.0,0.9857142857142858,0.9857142857142858,1.0,0.9857142857142858,89.0,33.5,0.0,75
56,70,111,525,0,59,0,0,13,62,133,152,121,91,0.1,0.9857142857142858,0.34285714285714286,0.42857142857142855,1.0,1.0,1.0,1.0,1.0,1.0,89.0,32.0,0.0,75
57,70,83,489,0,54,0,0,3,57,102,141,107,65,0.3,0.8142857142857143,0.3142857142857143,0.38571428571428573,1.0,1.0,0.9857142857142858,0.9857142857142858,1.0,0.9857142857142858,89.0,25.0,0.0,75
58,70,129,556,0,34,0,0,13,77,131,154,93,52,0.37142857142857144,0.8714285714285714,0.32857142857142857,0.45714285714285713,1.0,1.0,0.9857142857142858,1.0,1.0,0.9857142857142858,89.0,36.0,0.0,75
59,71,114,516,0,56,0,0,27,80,118,125,101,75,0.14084507042253522,0.9295774647887324,0.323943661971831,0.5633802816901409,0.9859154929577465,0.9859154929577465,1.0,1.0,1.0,1.0,85.0,31.5,0.0,75
60,71,97,516,0,71,0,0,6,63,132,145,118,85,0.19718309859154928,0.8450704225352113,0.28169014084507044,0.49295774647887325,1.0,0.9859154929577465,0.9859154929577465,1.0,0.9859154929577465,1.0,85.0,25.0,0.0,75
61,71,118,542,0,52,0,0,13,64,135,160,101,72,0.2535211267605634,0.9859154929577465,0.29577464788732394,0.6197183098591549,1.0,1.0,1.0,1.0,1.0,1.0,89.0,32.0,0.0,75
62,70,152,566,0,45,0,0,6,61,131,157,107,72,0.21428571428571427,0.9428571428571428,0.44285714285714284,0.4,0.9857142857142858,0.9857142857142858,1.0,0.9857142857142858,0.9857142857142858,0.9857142857142858,89.0,36.0,0.0,75
63,70,173,542,0,19,0,0,3,60,124,124,93,46,0.24285714285714285,1.0,0.4714285714285714,0.5285714285714286,1.0,1.0,0.9857142857142858,1.0,1.0,1.0,91.0,37.0,0.0,75
64,70,109,518,0,48,0,0,13,63,130,132,92,79,0.3,1.0,0.2714285714285714,0.5285714285714286,0.9857142857142858,1.0,0.9857142857142858,0.9857142857142858,1.0,0.9857142857142858,89.0,31.0,0.0,75
65,71,76,504,0,91,0,0,0,51,130,164,136,109,0.2112676056338028,0.9154929577464789,0.2535211267605634,0.38028169014084506,0.9295774647887324,1.0,1.0,1.0,0.9859154929577465,0.9859154929577465,88.0,27.0,0.0,75
66,70,133,545,0,44,0,0,24,77,117,142,78,79,0.2,0.9857142857142858,0.35714285714285715,0.4142857142857143,0.9857142857142858,0.9857142857142858,1.0,0.9857142857142858,1.0,0.9857142857142858,88.0,40.0,0.0,75
67,70,116,540,0,45,0,0,5,70,132,149,99,60,0.21428571428571427,0.8285714285714286,0.34285714285714286,0.5142857142857142,1.0,1.0,1.0,0.9857142857142858,1.0,0.9857142857142858,85.0,28.0,0.0,75
68,70,126,541,0,41,0,0,22,85,138,146,95,63,0.15714285714285714,0.9285714285714286,0.21428571428571427,0.5,0.9857142857142858,0.9857142857142858,1.0,1.0,0.9857142857142858,0.9857142857142858,89.0,37.0,0.0,75
69,71,122,517,0,33,0,0,0,58,98,141,95,65,0.23943661971830985,0.9577464788732394,0.5070422535211268,0.5915492957746479,0.9577464788732394,0.9859154929577465,0.9859154929577465,1.0,1.0,1.0,87.0,31.0,0.0,75
70,71,113,520,0,34,0,0,14,77,134,128,92,54,0.2676056338028169,0.8591549295774648,0.4084507042253521,0.4225352112676056,1.0,1.0,0.9859154929577465,0.9859154929577465,1.0,1.0,89.0,33.0,0.0,75
71,70,125,530,0,28,0,0,2,60,114,121,61,51,0.21428571428571427,0.9,0.24285714285714285,0.4142857142857143,1.0,1.0,1.0,1.0,1.0,0.9857142857142858,88.0,36.0,0.0,75
72,70,131,528,0,54,0,0,8,66,142,155,113,84,0.24285714285714285,1.0,0.4,0.6428571428571429,1.0,1.0,1.0,0.9857142857142858,1.0,1.0,87.0,43.5,0.0,75
73,70,86,502,0,91,0,0,16,60,103,147,124,101,0.21428571428571427,0.8,0.2857142857142857,0.4714285714285714,0.9857142857142858,1.0,0.9857142857142858,0.9857142857142858,1.0,1.0,88.0,27.0,0.0,75
74,70,109,539,0,35,0,0,4,69,132,153,111,64,0.2571428571428571,0.9285714285714286,0.3142857142857143,0.42857142857142855,1.0,1.0,1.0,0.9857142857142858,1.0,0.9857142857142858,87.0,29.0,0.0,75
75,70,125,539,0,56,0,0,18,92,144,149,92,68,0.21428571428571427,0.9,0.34285714285714286,0.44285714285714284,1.0,1.0,0.9857142857142858,1.0,0.9857142857142858,0.9857142857142858,88.0,33.0,0.0,75
76,70,91,513,0,77,0,0,22,64,135,149,127,102,0.2,0.8571428571428571,0.2714285714285714,0.6,1.0,0.9857142857142858,0.9857142857142858,1.0,1.0,1.0,89.0,24.0,0.0,75
77,71,104,561,0,88,0,0,34,87,159,184,145,110,0.2535211267605634,0.8873239436619719,0.2676056338028169,0.29577464788732394,1.0,0.9859154929577465,1.0,1.0,1.0,0.9859154929577465,88.0,31.0,0.0,75
78,71,106,540,0,57,0,0,0,49,116,149,109,70,0.22535211267605634,0.8591549295774648,0.36619718309859156,0.4507042253521127,0.971830985915493,0.9859154929577465,1.0,1.0,1.0,1.0,88.0,23.0,0.0,75
79,71,151,531,0,4,0,0,5,64,131,122,66,30,0.16901408450704225,1.0,0.19718309859154928,0.3380281690140845,1.0,1.0,1.0,0.9859154929577465,0.9859154929577465,0.9859154929577465,107.0,42.0,0.0,75
80,70,159,545,0,20,0,0,23,74,129,137,83,55,0.2,0.9857142857142858,0.42857142857142855,0.5285714285714286,1.0,0.9857142857142858,1.0,1.0,1.0,0.9857142857142858,88.0,44.0,0.0,75
81,71,120,571,0,70,0,0,12,76,154,172,127,85,0.23943661971830985,0.8450704225352113,0.36619718309859156,0.5492957746478874,1.0,1.0,0.9859154929577465,0.9859154929577465,1.0,1.0,85.0,33.0,0.0,75
82,71,109,516,0,50,0,0,0,59,105,140,95,71,0.18309859154929578,0.9014084507042254,0.352112676056338,0.5492957746478874,0.971830985915493,1.0,0.9859154929577465,0.9859154929577465,0.9859154929577465,1.0,89.0,29.0,0.0,75
83,71,124,511,0,28,0,0,3,44,113,151,88,57,0.15492957746478872,0.9859154929577465,0.29577464788732394,0.38028169014084506,0.9859154929577465,1.0,0.9859154929577465,0.9859154929577465,1.0,1.0,88.0,32.0,0.0,75
84,71,108,503,0,40,0,0,12,65,133,149,87,50,0.19718309859154928,0.8169014084507042,0.2676056338028169,0.4788732394366197,1.0,1.0,0.9859154929577465,1.0,0.9859154929577465,1.0,86.0,30.0,0.0,75
85,70,106,556,0,103,0,0,16,65,158,178,150,124,0.11428571428571428,0.9285714285714286,0.3142857142857143,0.4142857142857143,0.9857142857142858,0.9857142857142858,0.9857142857142858,0.9857142857142858,0.9857142857142858,1.0,89.0,30.0,0.0,75
86,70,150,518,0,0,0,0,0,38,95,89,43,2,0.24285714285714285,0.7857142857142857,0.2571428571428571,0.4,0.7857142857142857,1.0,0.9857142857142858,0.9857142857142858,0.9857142857142858,1.0,88.0,36.0,0.0,75
87,70,116,519,0,8,0,0,15,67,91,101,54,28,0.2857142857142857,0.8857142857142857,0.34285714285714286,0.4714285714285714,1.0,1.0,0.9857142857142858,1.0,1.0,1.0,89.0,35.0,0.0,75
88,71,80,523,0,84,0,0,0,49,118,142,135,108,0.2112676056338028,0.9436619718309859,0.43661971830985913,0.5211267605633803,0.9577464788732394,1.0,0.9859154929577465,0.9859154929577465,1.0,1.0,89.0,26.0,0.0,75
89,70,80,510,0,48,0,0,7,53,117,132,84,66,0.22857142857142856,0.9714285714285714,0.2857142857142857,0.4142857142857143,1.0,0.9857142857142858,1.0,1.0,1.0,1.0,82.0,24.0,0.0,75
90,140,64,549,0,77,0,0,0,0,96,149,130,94,0.1,0.9357142857142857,0.17142857142857143,0.3,0.6357142857142857,0.9928571428571429,0.9928571428571429,1.0,1.0,1.0,85.0,8.0,0.0,150
91,141,50,522,0,69,0,0,0,0,55,113,104,89,0.12056737588652482,0.950354609929078,0.18439716312056736,0.24113475177304963,0.5673758865248227,0.8865248226950354,1.0,1.0,1.0,1.0,89.0,3.0,0.0,150
92,139,37,539,0,82,0,0,0,0,76,142,114,90,0.10071942446043165,0.8776978417266187,0.2014388489208633,0.30935251798561153,0.6402877697841727,0.935251798561151,1.0,0.9928057553956835,1.0,1.0,86.0,5.0,0.0,150
93,141,70,543,0,54,0,0,0,0,70,124,105,78,0.10638297872340426,1.0,0.14893617021276595,0.1773049645390071,0.5957446808510638,0.9219858156028369,0.9929078014184397,1.0,1.0,1.0,88.0,2.0,0.0,150
94,139,57,541,0,59,0,0,0,0,75,115,94,81,0.11510791366906475,0.9424460431654677,0.2014388489208633,0.2733812949640288,0.6690647482014388,0.9640287769784173,0.9928057553956835,0.9928057553956835,1.0,1.0,88.0,5.0,0.0,150
95,140,61,528,0,31,0,0,0,4,76,97,84,54,0.07857142857142857,0.9714285714285714,0.15714285714285714,0.32142857142857145,0.6428571428571429,0.9928571428571429,0.9928571428571429,0.9928571428571429,1.0,1.0,88.0,11.0,0.0,150
96,141,53,567,0,97,0,0,0,9,97,158,145,108,0.14893617021276595,0.9290780141843972,0.23404255319148937,0.3546099290780142,0.6099290780141844,0.9929078014184397,0.9929078014184397,0.9929078014184397,0.9929078014184397,0.9929078014184397,86.0,7.0,0.0,150
97,139,53,547,0,61,0,0,0,11,88,138,132,85,0.1223021582733813,0.9784172661870504,0.17985611510791366,0.3237410071942446,0.7266187050359713,0.9928057553956835,1.0,0.9928057553956835,0.9928057553956835,1.0,89.0,4.0,0.0,150
98,141,45,533,0,88,0,0,0,0,73,133,120,102,0.11347517730496454,0.9361702127659575,0.2127659574468085,0.3191489361702128,0.6170212765957447,0.9716312056737588,0.9929078014184397,0.9929078014184397,1.0,1.0,88.0,5.0,0.0,150
99,141,17,512,0,109,0,0,0,0,48,132,118,116,0.07801418439716312,0.8723404255319149,0.1276595744680851,0.1702127659574468,0.49645390070921985,0.900709219858156,1.0,0.9929078014184397,1.0,1.0,83.0,3.0,0.0,150
100,141,38,552,0,112,0,0,0,4,82,138,148,137,0.10638297872340426,1.0,0.14893617021276595,0.23404255319148937,0.5886524822695035,1.0,0.9929078014184397,1.0,0.9929078014184397,0.9929078014184397,88.0,8.0,0.0,150
101,139,74,525,0,39,0,0,0,3,86,111,88,71,0.1079136690647482,1.0,0.1223021582733813,0.3237410071942446,0.6618705035971223,0.9928057553956835,1.0,1.0,1.0,1.0,86.0,15.0,0.0,150
102,141,46,519,0,66,0,0,0,0,67,110,118,92,0.07801418439716312,0.9929078014184397,0.19858156028368795,0.24822695035460993,0.5319148936170213,0.9432624113475178,1.0,1.0,0.9929078014184397,1.0,84.0,2.0,0.0,150
103,141,43,491,0,55,0,0,0,0,58,110,88,65,0.10638297872340426,0.9078014184397163,0.15602836879432624,0.2553191489361702,0.5319148936170213,0.8368794326241135,1.0,1.0,1.0,0.9929078014184397,86.0,0.0,0.0,150
104,140,31,525,0,89,0,0,0,0,85,131,103,98,0.08571428571428572,0.9,0.15,0.2,0.5,0.9285714285714286,0.9928571428571429,0.9928571428571429,1.0,0.9928571428571429,81.0,8.0,0.0,150
105,141,41,506,0,62,0,0,0,0,40,110,95,76,0.09219858156028368,0.9078014184397163,0.10638297872340426,0.19858156028368795,0.49645390070921985,0.7446808510638298,0.9929078014184397,0.9929078014184397,1.0,1.0,88.0,0.5,0.0,150
106,140,43,534,0,97,0,0,0,0,65,143,128,109,0.1357142857142857,0.9071428571428571,0.25,0.2857142857142857,0.6928571428571428,0.9357142857142857,1.0,0.9928571428571429,0.9928571428571429,0.9928571428571429,85.0,5.0,0.0,150
107,140,33,524,0,71,0,0,0,0,55,136,96,72,0.10714285714285714,0.8428571428571429,0.14285714285714285,0.15714285714285714,0.45714285714285713,0.7571428571428571,1.0,0.9928571428571429,1.0,1.0,86.0,4.5,0.0,150
108,142,63,566,0,77,0,0,0,6,91,133,106,94,0.08450704225352113,0.9295774647887324,0.21830985915492956,0.2887323943661972,0.6830985915492958,0.9929577464788732,1.0,0.9929577464788732,0.9929577464788732,1.0,82.0,17.5,0.0,150
109,142,30,509,0,78,0,0,0,0,55,91,86,95,0.1056338028169014,0.9225352112676056,0.15492957746478872,0.2676056338028169,0.5140845070422535,0.852112676056338,0.9929577464788732,1.0,1.0,0.9929577464788732,85.0,1.0,0.0,150
110,141,71,547,0,55,0,0,0,7,99,133,91,61,0.0851063829787234,0.9290780141843972,0.22695035460992907,0.24822695035460993,0.6028368794326241,0.9929078014184397,0.9929078014184397,0.9929078014184397,1.0,0.9929078014184397,84.0,9.0,0.0,150
111,140,21,499,0,85,0,0,0,0,58,104,99,89,0.14285714285714285,0.85,0.16428571428571428,0.20714285714285716,0.5142857142857142,0.9214285714285714,0.9928571428571429,1.0,1.0,1.0,89.0,0.0,0.0,150
112,141,73,508,0,57,0,0,0,0,75,133,107,69,0.05673758865248227,0.900709219858156,0.1276595744680851,0.2127659574468085,0.5886524822695035,0.9148936170212766,0.9929078014184397,1.0,0.9929078014184397,1.0,89.0,8.0,0.0,150
113,139,52,495,0,42,0,0,0,0,56,116,79,60,0.09352517985611511,0.9640287769784173,0.1079136690647482,0.2158273381294964,0.5179856115107914,0.762589928057554,0.9928057553956835,0.9928057553956835,0.9928057553956835,0.9928057553956835,88.0,5.0,0.0,150
114,140,54,549,0,50,0,0,0,6,88,125,102,75,0.16428571428571428,0.9785714285714285,0.24285714285714285,0.2714285714285714,0.6785714285714286,1.0,0.9928571428571429,0.9928571428571429,0.9928571428571429,1.0,88.0,11.0,0.0,150
115,139,60,539,0,40,0,0,0,1,83,141,92,62,0.1079136690647482,0.9712230215827338,0.14388489208633093,0.2014388489208633,0.60431654676259,0.9928057553956835,1.0,0.9928057553956835,1.0,0.9928057553956835,88.0,7.0,0.0,150
116,140,30,553,0,131,0,0,0,0,91,167,145,145,0.12142857142857143,0.9,0.15714285714285714,0.2357142857142857,0.55,0.9714285714285714,1.0,1.0,1.0,1.0,88.0,4.0,0.0,150
117,139,25,553,0,117,0,0,0,0,93,152,142,129,0.07194244604316546,0.9064748201438849,0.15827338129496402,0.18705035971223022,0.60431654676259,0.9568345323741008,0.9928057553956835,0.9928057553956835,0.9928057553956835,1.0,89.0,6.0,0.0,150
118,140,13,498,0,79,0,0,0,0,51,90,97,84,0.1,0.85,0.16428571428571428,0.22857142857142856,0.5357142857142857,0.9,0.9928571428571429,1.0,0.9928571428571429,0.9928571428571429,81.0,0.0,0.0,150
119,140,22,520,0,89,0,0,0,0,74,129,116,105,0.10714285714285714,0.9428571428571428,0.19285714285714287,0.2785714285714286,0.7,0.9642857142857143,0.9928571428571429,1.0,0.9928571428571429,1.0,82.0,2.0,0.0,150
120,141,29,502,0,76,0,0,0,0,61,116,104,91,0.06382978723404255,0.8936170212765957,0.1702127659574468,0.1773049645390071,0.48226950354609927,0.9432624113475178,0.9929078014184397,1.0,1.0,0.9929078014184397,84.0,1.0,0.0,150
121,141,58,561,0,91,0,0,0,15,111,153,114,96,0.11347517730496454,0.8936170212765957,0.19148936170212766,0.3049645390070922,0.6950354609929078,0.9929078014184397,0.9929078014184397,0.9929078014184397,1.0,0.9929078014184397,89.0,7.0,0.0,150
122,141,49,551,0,76,0,0,0,0,82,136,114,92,0.07801418439716312,0.9574468085106383,0.16312056737588654,0.2198581560283688,0.5035460992907801,0.950354609929078,0.9929078014184397,1.0,0.9929078014184397,0.9929078014184397,86.0,8.0,0.0,150
123,141,39,518,0,57,0,0,0,0,63,126,96,73,0.09219858156028368,0.9645390070921985,0.19858156028368795,0.2907801418439716,0.6099290780141844,0.8794326241134752,1.0,0.9929078014184397,1.0,1.0,81.0,1.0,0.0,150
124,139,34,527,0,69,0,0,0,0,66,127,117,86,0.1079136690647482,0.9784172661870504,0.18705035971223022,0.23741007194244604,0.6474820143884892,0.9928057553956835,0.9928057553956835,0.9928057553956835,0.9928057553956835,1.0,83.0,3.0,0.0,150
125,141,25,521,0,92,0,0,0,0,57,119,120,100,0.11347517730496454,0.8936170212765957,0.16312056737588654,0.24822695035460993,0.5602836879432624,0.9787234042553191,0.9929078014184397,1.0,0.9929078014184397,0.9929078014184397,86.0,6.0,0.0,150
126,139,56,564,0,72,0,0,0,10,80,142,116,92,0.1079136690647482,0.935251798561151,0.17985611510791366,0.302158273381295,0.6834532374100719,1.0,0.9928057553956835,1.0,0.9928057553956835,1.0,89.0,9.0,0.0,150
127,141,72,534,0,51,0,0,0,0,50,117,100,78,0.07801418439716312,0.9361702127659575,0.1702127659574468,0.28368794326241137,0.5673758865248227,0.9148936170212766,1.0,0.9929078014184397,1.0,0.9929078014184397,88.0,6.5,0.0,150
128,141,29,534,0,105,0,0,0,0,68,142,134,114,0.12056737588652482,0.8865248226950354,0.14184397163120568,0.19858156028368795,0.45390070921985815,0.9432624113475178,1.0,0.9929078014184397,1.0,1.0,85.0,2.0,0.0,150
129,139,11,522,0,105,0,0,0,2,67,130,128,120,0.11510791366906475,0.9928057553956835,0.15827338129496402,0.2517985611510791,0.539568345323741,1.0,0.9928057553956835,1.0,1.0,1.0,44.0,1.0,0.0,150
130,140,22,531,0,91,0,0,0,0,59,128,146,127,0.14285714285714285,1.0,0.15714285714285714,0.17142857142857143,0.5928571428571429,0.9,0.9928571428571429,0.9928571428571429,0.9928571428571429,0.9928571428571429,87.0,3.0,0.0,150
131,142,11,552,0,120,0,0,0,0,76,144,162,141,0.09859154929577464,0.9577464788732394,0.176056338028169,0.2887323943661972,0.5704225352112676,0.9366197183098591,0.9929577464788732,0.9929577464788732,0.9929577464788732,1.0,78.0,4.0,0.0,150
132,140,41,542,0,89,0,0,0,0,83,149,126,113,0.1,1.0,0.2,0.19285714285714287,0.4857142857142857,0.8642857142857143,0.9928571428571429,0.9928571428571429,1.0,0.9928571428571429,85.0,11.0,0.0,150
133,140,43,509,0,72,0,0,0,1,70,126,113,97,0.04285714285714286,0.95,0.12857142857142856,0.21428571428571427,0.6,1.0,0.9928571428571429,0.9928571428571429,1.0,0.9928571428571429,89.0,16.0,0.0,150
134,141,33,540,0,100,0,0,0,0,72,143,126,118,0.1276595744680851,0.9858156028368794,0.24113475177304963,0.2907801418439716,0.6312056737588653,0.9432624113475178,0.9929078014184397,0.9929078014184397,0.9929078014184397,0.9929078014184397,74.0,4.5,0.0,150
135,139,69,527,0,52,0,0,0,0,96,124,94,71,0.07194244604316546,0.9064748201438849,0.2014388489208633,0.2589928057553957,0.5827338129496403,0.9640287769784173,0.9928057553956835,1.0,0.9928057553956835,0.9928057553956835,88.0,14.0,0.0,150
136,139,32,517,0,79,0,0,0,0,74,125,110,97,0.07913669064748201,0.920863309352518,0.1366906474820144,0.22302158273381295,0.539568345323741,0.920863309352518,0.9928057553956835,1.0,0.9928057553956835,1.0,88.0,4.0,0.0,150
137,140,17,524,0,105,0,0,0,0,48,111,124,121,0.09285714285714286,0.9285714285714286,0.15714285714285714,0.22142857142857142,0.5428571428571428,0.8428571428571429,0.9928571428571429,1.0,0.9928571428571429,0.9928571428571429,88.0,1.0,0.0,150
138,140,26,543,0,90,0,0,0,9,85,145,140,109,0.15,0.9714285714285714,0.17142857142857143,0.36428571428571427,0.6714285714285714,1.0,1.0,0.9928571428571429,0.9928571428571429,0.9928571428571429,88.0,6.0,0.0,150
139,140,38,553,0,131,0,0,0,19,102,154,146,141,0.09285714285714286,0.9285714285714286,0.12857142857142856,0.22142857142857142,0.7,1.0,0.9928571428571429,0.9928571428571429,1.0,0.9928571428571429,78.0,9.0,0.0,150
140,141,73,528,0,30,0,0,0,0,69,108,92,68,0.09929078014184398,0.9929078014184397,0.15602836879432624,0.2907801418439716,0.5460992907801419,0.9432624113475178,1.0,1.0,1.0,1.0,81.0,3.0,0.0,150
141,139,11,531,0,126,0,0,0,0,71,140,146,126,0.08633093525179857,0.841726618705036,0.19424460431654678,0.2014388489208633,0.6187050359712231,0.8633093525179856,0.9928057553956835,1.0,1.0,1.0,63.0,1.0,0.0,150
142,140,18,562,0,138,0,0,0,16,94,156,150,141,0.16428571428571428,0.8571428571428571,0.2,0.30714285714285716,0.6857142857142857,0.9928571428571429,0.9928571428571429,1.0,0.9928571428571429,0.9928571428571429,88.0,5.0,0.0,150
143,140,31,500,0,77,0,0,0,0,60,126,107,98,0.11428571428571428,0.9857142857142858,0.12857142857142856,0.2357142857142857,0.5071428571428571,0.9142857142857143,0.9928571428571429,0.9928571428571429,1.0,1.0,88.0,1.5,0.0,150
144,140,26,525,0,91,0,0,0,0,73,124,128,119,0.11428571428571428,0.9642857142857143,0.17857142857142858,0.2571428571428571,0.55,0.8214285714285714,0.9928571428571429,0.9928571428571429,1.0,1.0,85.0,2.0,0.0,150
145,139,32,522,0,86,0,0,0,0,81,126,116,104,0.14388489208633093,0.9712230215827338,0.2446043165467626,0.31654676258992803,0.5539568345323741,0.9424460431654677,0.9928057553956835,1.0,1.0,0.9928057553956835,71.0,4.0,0.0,150
146,140,25,524,0,98,0,0,0,11,83,134,118,109,0.10714285714285714,0.8857142857142857,0.15714285714285714,0.24285714285714285,0.5285714285714286,0.9928571428571429,0.9928571428571429,0.9928571428571429,0.9928571428571429,1.0,88.0,5.0,0.0,150
147,140,35,510,0,44,0,0,0,0,51,124,100,69,0.1357142857142857,1.0,0.10714285714285714,0.22142857142857142,0.4928571428571429,0.7857142857142857,1.0,1.0,1.0,0.9928571428571429,87.0,0.0,0.0,150
148,141,52,548,0,78,0,0,0,0,72,140,120,98,0.07092198581560284,0.9361702127659575,0.1276595744680851,0.2127659574468085,0.5886524822695035,0.8936170212765957,0.9929078014184397,1.0,1.0,1.0,88.0,1.0,0.0,150
149,141,55,523,0,39,0,0,0,0,47,107,85,66,0.11347517730496454,0.9361702127659575,0.1773049645390071,0.2907801418439716,0.5957446808510638,0.900709219858156,0.9929078014184397,1.0,0.9929078014184397,1.0,85.0,1.0,0.0,150
150,142,28,549,0,113,0,0,0,6,95,133,140,123,0.14788732394366197,0.9366197183098591,0.176056338028169,0.23943661971830985,0.5563380281690141,1.0,0.9929577464788732,0.9929577464788732,0.9929577464788732,0.9929577464788732,78.0,5.0,0.0,150
151,141,34,531,0,74,0,0,0,0,65,138,99,98,0.07092198581560284,0.9361702127659575,0.18439716312056736,0.18439716312056736,0.5177304964539007,0.8368794326241135,0.9929078014184397,0.9929078014184397,1.0,0.9929078014184397,84.0,4.0,0.0,150
152,141,37,546,0,89,0,0,0,0,83,130,118,102,0.09219858156028368,0.9078014184397163,0.22695035460992907,0.24822695035460993,0.6595744680851063,0.9929078014184397,1.0,1.0,1.0,0.9929078014184397,85.0,2.0,0.0,150
153,141,50,524,0,71,0,0,0,0,71,132,94,84,0.15602836879432624,0.9645390070921985,0.1773049645390071,0.19148936170212766,0.5319148936170213,0.9361702127659575,0.9929078014184397,1.0,1.0,1.0,89.0,4.0,0.0,150
154,139,59,518,0,51,0,0,0,0,65,119,102,75,0.10071942446043165,0.9784172661870504,0.2158273381294964,0.23741007194244604,0.45323741007194246,0.8992805755395683,1.0,1.0,1.0,0.9928057553956835,85.0,0.0,0.0,150
155,139,43,524,0,89,0,0,0,15,79,133,124,106,0.07913669064748201,0.9064748201438849,0.12949640287769784,0.2158273381294964,0.6402877697841727,0.9928057553956835,1.0,1.0,1.0,0.9928057553956835,88.0,10.0,0.0,150
156,139,0,537,0,146,0,0,0,9,69,122,143,146,0.09352517985611511,0.8273381294964028,0.23741007194244604,0.28776978417266186,0.5755395683453237,0.9928057553956835,1.0,0.9928057553956835,0.9928057553956835,0.9928057553956835,14.0,4.0,0.0,150
157,139,17,516,0,100,0,0,0,11,72,130,127,112,0.1366906474820144,0.920863309352518,0.16546762589928057,0.2733812949640288,0.6330935251798561,1.0,1.0,1.0,1.0,1.0,89.0,3.0,0.0,150
158,141,23,503,0,78,0,0,0,0,25,110,115,97,0.14184397163120568,0.9929078014184397,0.20567375886524822,0.3049645390070922,0.5815602836879432,0.9078014184397163,0.9929078014184397,0.9929078014184397,1.0,0.9929078014184397,88.0,0.0,0.0,150
159,139,77,544,0,22,0,0,0,0,79,97,78,53,0.1223021582733813,0.920863309352518,0.19424460431654678,0.35251798561151076,0.7697841726618705,0.9856115107913669,1.0,0.9928057553956835,1.0,1.0,88.0,10.0,0.0,150
160,140,26,530,0,85,0,0,0,0,59,117,123,110,0.1,0.9928571428571429,0.14285714285714285,0.22142857142857142,0.4857142857142857,0.7714285714285715,1.0,0.9928571428571429,0.9928571428571429,0.9928571428571429,88.0,3.0,0.0,150
161,141,19,533,0,109,0,0,0,0,56,116,119,117,0.0851063829787234,0.8794326241134752,0.20567375886524822,0.24113475177304963,0.524822695035461,0.900709219858156,0.9929078014184397,1.0,0.9929078014184397,0.9929078014184397,85.0,9.0,0.0,150
162,139,44,526,0,63,0,0,0,0,82,128,90,71,0.09352517985611511,0.8561151079136691,0.18705035971223022,0.23741007194244604,0.5827338129496403,0.935251798561151,0.9928057553956835,1.0,0.9928057553956835,0.9928057553956835,87.0,7.0,0.0,150
163,139,44,517,0,77,0,0,0,0,91,127,108,89,0.014388489208633094,0.8920863309352518,0.18705035971223022,0.23741007194244604,0.6187050359712231,0.9640287769784173,1.0,1.0,1.0,1.0,89.0,9.0,0.0,150
164,142,38,528,0,91,0,0,0,0,86,127,132,111,0.09154929577464789,0.9577464788732394,0.14788732394366197,0.2535211267605634,0.5070422535211268,0.9436619718309859,0.9929577464788732,0.9929577464788732,1.0,1.0,88.0,3.0,0.0,150
165,141,33,524,0,80,0,0,0,0,46,120,113,98,0.1276595744680851,0.9645390070921985,0.1773049645390071,0.2695035460992908,0.48936170212765956,0.7872340425531915,0.9929078014184397,0.9929078014184397,1.0,1.0,74.0,0.0,0.0,150
166,142,54,521,0,67,0,0,0,0,74,139,103,78,0.1267605633802817,0.9014084507042254,0.14788732394366197,0.2112676056338028,0.45774647887323944,0.8873239436619719,1.0,1.0,1.0,1.0,88.0,4.0,0.0,150
167,142,24,509,0,70,0,0,0,0,72,112,88,86,0.09859154929577464,0.9295774647887324,0.19014084507042253,0.22535211267605634,0.49295774647887325,0.8943661971830986,0.9929577464788732,1.0,0.9929577464788732,0.9929577464788732,88.0,6.0,0.0,150
168,139,74,557,0,43,0,0,0,0,88,112,83,62,0.11510791366906475,0.9928057553956835,0.20863309352517986,0.28776978417266186,0.60431654676259,1.0,0.9928057553956835,1.0,1.0,1.0,86.0,7.0,0.0,150
169,140,30,508,0,31,0,0,0,0,41,102,71,48,0.10714285714285714,0.9142857142857143,0.15,0.25,0.5142857142857142,0.7785714285714286,1.0,1.0,1.0,1.0,89.0,0.0,0.0,150
170,141,51,503,0,53,0,0,0,0,66,110,91,67,0.0851063829787234,0.9787234042553191,0.12056737588652482,0.19148936170212766,0.524822695035461,0.8794326241134752,0.9929078014184397,0.9929078014184397,1.0,0.9929078014184397,76.0,2.0,0.0,150
171,140,13,520,0,98,0,0,0,0,72,121,119,115,0.11428571428571428,0.9857142857142858,0.22142857142857142,0.20714285714285716,0.6142857142857143,0.95,0.9928571428571429,1.0,1.0,1.0,87.0,1.5,0.0,150
172,139,11,522,0,99,0,0,0,11,74,122,118,116,0.11510791366906475,0.9784172661870504,0.18705035971223022,0.2446043165467626,0.60431654676259,0.9928057553956835,0.9928057553956835,0.9928057553956835,1.0,1.0,84.0,5.0,0.0,150
173,141,60,555,0,65,0,0,0,6,94,153,127,98,0.09929078014184398,0.9929078014184397,0.1702127659574468,0.22695035460992907,0.6170212765957447,0.9929078014184397,0.9929078014184397,1.0,1.0,1.0,89.0,11.0,0.0,150
174,139,9,511,0,103,0,0,0,0,66,121,113,113,0.07194244604316546,0.8920863309352518,0.19424460431654678,0.26618705035971224,0.48201438848920863,0.8920863309352518,0.9928057553956835,1.0,0.9928057553956835,0.9928057553956835,87.0,5.0,0.0,150
175,141,8,546,0,139,0,0,0,0,73,142,147,147,0.09929078014184398,0.950354609929078,0.1773049645390071,0.24822695035460993,0.5106382978723404,0.9148936170212766,1.0,0.9929078014184397,1.0,1.0,50.0,4.0,0.0,150
176,141,27,510,0,82,0,0,0,0,65,125,109,92,0.10638297872340426,0.9574468085106383,0.14184397163120568,0.2127659574468085,0.5531914893617021,0.8297872340425532,0.9929078014184397,1.0,0.9929078014184397,1.0,80.0,0.0,0.0,150
177,141,16,533,0,107,0,0,0,10,89,150,141,124,0.07092198581560284,0.9716312056737588,0.11347517730496454,0.22695035460992907,0.5673758865248227,0.9929078014184397,1.0,1.0,0.9929078014184397,1.0,81.0,4.0,0.0,150
178,140,53,547,0,78,0,0,0,14,76,146,111,86,0.1357142857142857,0.9071428571428571,0.24285714285714285,0.24285714285714285,0.5857142857142857,0.9928571428571429,0.9928571428571429,0.9928571428571429,0.9928571428571429,1.0,89.0,10.0,0.0,150
179,142,36,515,0,64,0,0,0,0,59,106,117,88,0.1056338028169014,0.9788732394366197,0.08450704225352113,0.176056338028169,0.5,0.8591549295774648,0.9929577464788732,0.9929577464788732,1.0,0.9929577464788732,88.0,4.0,0.0,150
180,210,6,530,0,84,0,0,0,0,30,92,99,84,0.047619047619047616,0.9142857142857143,0.1,0.18095238095238095,0.42857142857142855,0.7476190476190476,0.9952380952380953,1.0,0.9952380952380953,1.0,67.0,0.0,0.0,225
181,210,0,526,0,61,0,0,0,0,9,68,87,76,0.047619047619047616,1.0,0.13333333333333333,0.21428571428571427,0.41904761904761906,0.680952380952381,0.9952380952380953,0.9952380952380953,0.9952380952380953,0.9952380952380953,21.0,0.0,0.0,225
182,211,14,562,0,83,0,0,0,0,22,99,98,91,0.0947867298578199,0.933649289099526,0.13270142180094788,0.17535545023696683,0.46445497630331756,0.7156398104265402,0.995260663507109,0.995260663507109,0.995260663507109,1.0,89.0,0.0,0.0,225
183,212,6,523,0,57,0,0,0,0,4,54,67,64,0.05188679245283019,0.8820754716981132,0.10849056603773585,0.19811320754716982,0.42924528301886794,0.7169811320754716,0.9952830188679245,0.9952830188679245,1.0,0.9952830188679245,68.0,0.0,0.0,225
184,210,2,537,0,57,0,0,0,0,2,55,75,73,0.09047619047619047,0.9571428571428572,0.1523809523809524,0.18095238095238095,0.38571428571428573,0.6190476190476191,0.9952380952380953,1.0,1.0,0.9952380952380953,58.0,0.0,0.0,225
185,209,3,533,0,72,0,0,0,0,8,75,76,75,0.07177033492822966,0.9282296650717703,0.11483253588516747,0.1722488038277512,0.41148325358851673,0.6698564593301436,1.0,1.0,1.0,0.9952153110047847,18.0,0.0,0.0,225
186,212,1,544,0,79,0,0,0,0,17,67,86,80,0.06132075471698113,0.9198113207547169,0.07075471698113207,0.2169811320754717,0.42452830188679247,0.6556603773584906,0.9952830188679245,0.9952830188679245,1.0,0.9952830188679245,23.0,0.0,0.0,225
187,209,0,517,0,45,0,0,0,0,0,58,68,55,0.05741626794258373,0.9952153110047847,0.11004784688995216,0.15789473684210525,0.3253588516746411,0.5980861244019139,0.9712918660287081,0.9952153110047847,0.9952153110047847,0.9856459330143541,10.0,0.0,0.0,225
188,209,0,564,0,97,0,0,0,0,38,96,100,101,0.0861244019138756,0.9569377990430622,0.09569377990430622,0.18181818181818182,0.5023923444976076,0.7655502392344498,0.9952153110047847,0.9952153110047847,1.0,1.0,15.0,0.0,0.0,225
189,210,14,507,0,31,0,0,0,0,0,44,64,34,0.05714285714285714,0.9,0.11428571428571428,0.14761904761904762,0.37142857142857144,0.6047619047619047,0.8952380952380953,0.9952380952380953,0.9952380952380953,0.9952380952380953,87.0,0.0,0.0,225
190,210,0,523,0,69,0,0,0,0,0,52,69,70,0.05714285714285714,0.9047619047619048,0.10952380952380952,0.18095238095238095,0.4,0.6428571428571429,0.9666666666666667,0.9952380952380953,1.0,1.0,19.0,0.0,0.0,225
191,208,10,555,0,74,0,0,0,0,25,93,106,88,0.07211538461538461,0.9663461538461539,0.10096153846153846,0.13942307692307693,0.3557692307692308,0.7692307692307693,0.9951923076923077,1.0,0.9951923076923077,0.9951923076923077,84.0,0.0,0.0,225
192,211,8,531,0,56,0,0,0,0,5,66,61,64,0.08056872037914692,0.9241706161137441,0.0995260663507109,0.13744075829383887,0.3459715639810427,0.6208530805687204,1.0,0.995260663507109,0.995260663507109,1.0,78.0,0.0,0.0,225
193,211,13,547,0,64,0,0,0,0,7,65,82,72,0.052132701421800945,0.9146919431279621,0.07109004739336493,0.14691943127962084,0.3744075829383886,0.6635071090047393,0.995260663507109,1.0,0.995260663507109,1.0,88.0,0.0,0.0,225
194,211,0,508,0,57,0,0,0,0,0,53,65,57,0.06635071090047394,0.9004739336492891,0.0995260663507109,0.16587677725118483,0.35545023696682465,0.5924170616113744,0.9052132701421801,0.995260663507109,0.995260663507109,1.0,15.0,0.0,0.0,225
195,212,0,552,0,83,0,0,0,0,0,85,99,96,0.07075471698113207,0.9481132075471698,0.07547169811320754,0.13679245283018868,0.3867924528301887,0.6367924528301887,0.9952830188679245,0.9952830188679245,0.9952830188679245,0.9952830188679245,15.0,0.0,0.0,225
196,212,0,509,0,51,0,0,0,0,0,56,67,64,0.04245283018867924,0.9952830188679245,0.0660377358490566,0.10377358490566038,0.36792452830188677,0.5990566037735849,0.9292452830188679,0.9952830188679245,0.9952830188679245,1.0,14.0,0.0,0.0,225
197,209,3,538,0,63,0,0,0,0,3,72,85,70,0.09090909090909091,0.9043062200956937,0.11004784688995216,0.1674641148325359,0.4354066985645933,0.6555023923444976,1.0,0.9952153110047847,0.9952153110047847,1.0,86.0,0.0,0.0,225
198,210,0,540,0,84,0,0,0,0,20,74,90,90,0.05238095238095238,0.9238095238095239,0.13333333333333333,0.19047619047619047,0.4095238095238095,0.6476190476190476,0.9952380952380953,1.0,0.9952380952380953,0.9952380952380953,17.0,0.0,0.0,225
199,211,0,516,0,54,0,0,0,0,0,57,58,54,0.08530805687203792,0.9052132701421801,0.11374407582938388,0.2037914691943128,0.44549763033175355,0.7109004739336493,0.981042654028436,0.995260663507109,1.0,0.995260663507109,20.0,0.0,0.0,225
200,212,0,505,0,43,0,0,0,0,0,45,53,44,0.07547169811320754,0.9575471698113207,0.12735849056603774,0.1509433962264151,0.38207547169811323,0.5660377358490566,0.8726415094339622,1.0,0.9858490566037735,1.0,8.0,0.0,0.0,225
201,210,0,531,0,50,0,0,0,0,0,58,72,66,0.06666666666666667,0.9904761904761905,0.11428571428571428,0.1380952380952381,0.41904761904761906,0.6285714285714286,0.9619047619047619,0.9952380952380953,0.9952380952380953,0.9952380952380953,15.0,0.0,0.0,225
202,210,5,533,0,44,0,0,0,0,9,64,79,59,0.08571428571428572,0.9904761904761905,0.12380952380952381,0.14761904761904762,0.43333333333333335,0.6857142857142857,1.0,1.0,0.9952380952380953,1.0,79.0,0.0,0.0,225
203,208,0,506,0,60,0,0,0,0,6,66,65,61,0.07692307692307693,0.9182692307692307,0.10576923076923077,0.15865384615384615,0.35096153846153844,0.6586538461538461,0.9951923076923077,1.0,0.9951923076923077,1.0,13.0,0.0,0.0,225
204,212,0,517,0,55,0,0,0,0,0,56,53,55,0.05188679245283019,0.910377358490566,0.1179245283018868,0.17452830188679244,0.39622641509433965,0.5707547169811321,0.9292452830188679,0.9952830188679245,0.9952830188679245,1.0,10.0,0.0,0.0,225
205,210,0,506,0,34,0,0,0,0,0,36,52,48,0.06666666666666667,0.9904761904761905,0.14761904761904762,0.20952380952380953,0.4142857142857143,0.5476190476190477,0.919047619047619,0.9952380952380953,0.9952380952380953,1.0,18.0,0.0,0.0,225
206,209,4,537,0,62,0,0,0,0,9,71,73,72,0.08133971291866028,0.9330143540669856,0.11961722488038277,0.15311004784688995,0.37799043062200954,0.6172248803827751,0.9952153110047847,1.0,0.9952153110047847,1.0,63.0,0.0,0.0,225
207,209,16,556,0,54,0,0,0,0,17,90,90,67,0.07655502392344497,0.9808612440191388,0.0861244019138756,0.1674641148325359,0.430622009569378,0.6889952153110048,1.0,1.0,0.9952153110047847,1.0,82.0,0.0,0.0,225
208,211,0,525,0,43,0,0,0,0,0,51,61,56,0.061611374407582936,0.9620853080568721,0.10426540284360189,0.18009478672985782,0.3981042654028436,0.6398104265402843,0.933649289099526,0.995260663507109,0.995260663507109,0.990521327014218,21.0,0.0,0.0,225
209,209,0,529,0,54,0,0,0,0,3,61,65,64,0.08133971291866028,0.9712918660287081,0.14354066985645933,0.17703349282296652,0.42105263157894735,0.6889952153110048,1.0,1.0,0.9952153110047847,0.9856459330143541,11.0,0.0,0.0,225
210,211,6,560,0,81,0,0,0,0,6,90,107,97,0.05687203791469194,0.966824644549763,0.10900473933649289,0.16113744075829384,0.45023696682464454,0.6398104265402843,1.0,0.995260663507109,0.995260663507109,1.0,77.0,0.0,0.0,225
211,212,4,518,0,53,0,0,0,0,0,57,71,61,0.06132075471698113,0.9198113207547169,0.09433962264150944,0.16981132075471697,0.41037735849056606,0.6084905660377359,0.9056603773584906,1.0,0.9952830188679245,1.0,41.0,0.0,0.0,225
212,208,0,504,0,32,0,0,0,0,0,36,57,49,0.052884615384615384,0.9855769230769231,0.08173076923076923,0.16346153846153846,0.36538461538461536,0.5865384615384616,0.9086538461538461,0.9951923076923077,0.9951923076923077,0.9951923076923077,12.0,0.0,0.0,225
213,210,0,544,0,66,0,0,0,0,6,67,79,78,0.10952380952380952,0.9809523809523809,0.14761904761904762,0.18095238095238095,0.37142857142857144,0.6952380952380952,0.9952380952380953,1.0,1.0,1.0,16.0,0.0,0.0,225
214,211,0,508,0,39,0,0,0,0,0,39,56,47,0.061611374407582936,0.9620853080568721,0.10900473933649289,0.15639810426540285,0.3412322274881517,0.4786729857819905,0.919431279620853,0.995260663507109,1.0,1.0,9.0,0.0,0.0,225
215,209,0,531,0,67,0,0,0,0,23,66,81,83,0.07177033492822966,1.0,0.06698564593301436,0.20095693779904306,0.3875598086124402,0.6698564593301436,1.0,0.9952153110047847,0.9952153110047847,1.0,10.0,0.0,0.0,225
216,208,0,502,0,66,0,0,0,0,0,54,62,67,0.10096153846153846,0.8942307692307693,0.08173076923076923,0.125,0.3125,0.5865384615384616,0.9519230769230769,0.9951923076923077,0.9951923076923077,1.0,19.0,0.0,0.0,225
217,208,16,564,0,59,0,0,0,0,12,87,84,74,0.11057692307692307,0.9759615384615384,0.15865384615384615,0.21634615384615385,0.4567307692307692,0.6586538461538461,1.0,0.9951923076923077,0.9951923076923077,0.9951923076923077,89.0,0.0,0.0,225
218,211,10,542,0,56,0,0,0,0,14,85,84,68,0.052132701421800945,0.9715639810426541,0.13270142180094788,0.14691943127962084,0.46919431279620855,0.6587677725118484,0.995260663507109,0.995260663507109,1.0,0.995260663507109,88.0,0.0,0.0,225
219,209,0,488,0,37,0,0,0,0,0,32,43,38,0.0861244019138756,0.9234449760765551,0.06220095693779904,0.11961722488038277,0.3253588516746411,0.5119617224880383,0.8421052631578947,0.9952153110047847,0.9952153110047847,0.9952153110047847,13.0,0.0,0.0,225
220,210,7,516,0,52,0,0,0,0,0,74,74,65,0.05238095238095238,0.9571428571428572,0.10476190476190476,0.1523809523809524,0.3238095238095238,0.5523809523809524,0.9571428571428572,1.0,1.0,0.9904761904761905,85.0,0.0,0.0,225
221,208,1,548,0,67,0,0,0,0,0,79,98,89,0.0673076923076923,0.9951923076923077,0.09615384615384616,0.21153846153846154,0.3557692307692308,0.5769230769230769,0.9855769230769231,0.9951923076923077,1.0,0.9903846153846154,62.0,0.0,0.0,225
222,211,4,553,0,94,0,0,0,0,21,88,107,102,0.10426540284360189,0.9146919431279621,0.17535545023696683,0.15639810426540285,0.3886255924170616,0.6113744075829384,0.995260663507109,0.995260663507109,0.995260663507109,0.995260663507109,69.0,0.0,0.0,225
223,208,0,554,0,72,0,0,0,0,10,80,88,85,0.08173076923076923,1.0,0.1346153846153846,0.1778846153846154,0.36538461538461536,0.6105769230769231,1.0,0.9951923076923077,0.9951923076923077,1.0,10.0,0.0,0.0,225
224,209,2,557,0,93,0,0,0,0,22,90,100,97,0.09090909090909091,0.8947368421052632,0.10047846889952153,0.19138755980861244,0.44019138755980863,0.7416267942583732,0.9952153110047847,0.9952153110047847,1.0,0.9952153110047847,47.0,0.0,0.0,225
225,211,11,540,0,68,0,0,0,0,11,90,83,73,0.06635071090047394,0.909952606635071,0.13744075829383887,0.1990521327014218,0.38388625592417064,0.6303317535545023,0.995260663507109,1.0,0.995260663507109,1.0,88.0,0.0,0.0,225
226,210,0,519,0,55,0,0,0,0,7,64,72,70,0.047619047619047616,0.9761904761904762,0.1,0.1523809523809524,0.44761904761904764,0.6952380952380952,0.9952380952380953,0.9952380952380953,0.9952380952380953,1.0,22.0,0.0,0.0,225
227,210,0,521,0,64,0,0,0,0,8,71,79,74,0.08095238095238096,0.9476190476190476,0.1523809523809524,0.17142857142857143,0.3333333333333333,0.5714285714285714,0.9952380952380953,1.0,0.9952380952380953,0.9952380952380953,20.0,0.0,0.0,225
228,210,0,500,0,32,0,0,0,0,0,34,42,40,0.05238095238095238,0.9571428571428572,0.10952380952380952,0.14761904761904762,0.4095238095238095,0.580952380952381,0.919047619047619,0.9952380952380953,0.9952380952380953,0.9952380952380953,9.0,0.0,0.0,225
229,208,0,523,0,56,0,0,0,0,0,50,61,56,0.08653846153846154,0.8990384615384616,0.1201923076923077,0.16346153846153846,0.40384615384615385,0.5865384615384616,0.9423076923076923,0.9951923076923077,0.9951923076923077,0.9951923076923077,11.0,0.0,0.0,225
230,212,0,516,0,48,0,0,0,0,0,50,61,58,0.07547169811320754,0.9386792452830188,0.16981132075471697,0.14622641509433962,0.37264150943396224,0.589622641509434,0.9056603773584906,0.9952830188679245,0.9952830188679245,1.0,20.0,0.0,0.0,225
231,208,0,547,0,89,0,0,0,0,33,93,108,109,0.0625,1.0,0.09615384615384616,0.1778846153846154,0.47596153846153844,0.7692307692307693,0.9951923076923077,1.0,0.9951923076923077,0.9951923076923077,21.0,0.0,0.0,225
232,210,2,514,0,69,0,0,0,0,7,76,72,69,0.06190476190476191,0.9285714285714286,0.11428571428571428,0.14285714285714285,0.32857142857142857,0.6095238095238096,0.9952380952380953,1.0,0.9952380952380953,0.9952380952380953,83.0,0.0,0.0,225
233,212,4,526,0,38,0,0,0,0,4,72,60,58,0.04245283018867924,0.9858490566037735,0.06132075471698113,0.14150943396226415,0.37264150943396224,0.6509433962264151,0.9952830188679245,0.9952830188679245,1.0,0.9952830188679245,56.0,0.0,0.0,225
234,210,0,544,0,62,0,0,0,0,12,78,88,81,0.0761904761904762,1.0,0.11904761904761904,0.20476190476190476,0.4380952380952381,0.6714285714285714,0.9952380952380953,0.9952380952380953,0.9952380952380953,0.9952380952380953,17.0,0.0,0.0,225
235,210,22,527,0,34,0,0,0,0,0,51,68,58,0.09523809523809523,0.9809523809523809,0.08095238095238096,0.1761904761904762,0.37142857142857144,0.5904761904761905,0.9619047619047619,0.9952380952380953,1.0,0.9952380952380953,89.0,0.0,0.0,225
236,212,7,560,0,80,0,0,0,0,18,85,87,80,0.1320754716981132,0.8773584905660378,0.1179245283018868,0.1792452830188679,0.419811320754717,0.6462264150943396,0.9952830188679245,0.9952830188679245,1.0,0.9811320754716981,62.0,0.0,0.0,225
237,209,3,519,0,51,0,0,0,0,0,39,61,54,0.08133971291866028,0.8995215311004785,0.14832535885167464,0.1674641148325359,0.3588516746411483,0.5980861244019139,0.9234449760765551,0.9952153110047847,1.0,0.9952153110047847,56.0,0.0,0.0,225
238,212,9,551,0,60,0,0,0,0,13,78,88,80,0.08018867924528301,0.9669811320754716,0.16037735849056603,0.17452830188679244,0.39622641509433965,0.7264150943396226,0.9952830188679245,0.9952830188679245,0.9952830188679245,0.9952830188679245,84.0,0.0,0.0,225
239,212,0,531,0,67,0,0,0,0,11,69,74,72,0.09433962264150944,0.9528301886792453,0.10377358490566038,0.14622641509433962,0.41037735849056606,0.6556603773584906,1.0,0.9952830188679245,1.0,1.0,18.0,0.0,0.0,225
240,210,23,548,0,63,0,0,0,0,29,103,94,75,0.047619047619047616,0.9428571428571428,0.06190476190476191,0.12380952380952381,0.38095238095238093,0.7047619047619048,0.9952380952380953,1.0,1.0,0.9904761904761905,82.0,0.0,0.0,225
241,212,0,520,0,65,0,0,0,0,2,63,69,65,0.07547169811320754,0.8962264150943396,0.10849056603773585,0.17452830188679244,0.3490566037735849,0.5235849056603774,0.9952830188679245,0.9952830188679245,1.0,1.0,13.0,0.0,0.0,225
242,209,0,510,0,43,0,0,0,0,5,54,62,50,0.08133971291866028,0.9712918660287081,0.11483253588516747,0.1722488038277512,0.37320574162679426,0.6555023923444976,0.9952153110047847,1.0,0.9952153110047847,0.9952153110047847,10.0,0.0,0.0,225
243,208,0,522,0,50,0,0,0,0,2,63,69,65,0.04326923076923077,1.0,0.125,0.14423076923076922,0.33653846153846156,0.625,0.9951923076923077,0.9951923076923077,0.9951923076923077,0.9951923076923077,12.0,0.0,0.0,225
244,211,7,510,0,38,0,0,0,0,0,60,60,43,0.08056872037914692,0.9383886255924171,0.13270142180094788,0.1895734597156398,0.45023696682464454,0.6350710900473934,0.9715639810426541,1.0,1.0,0.995260663507109,72.0,0.0,0.0,225
245,211,1,567,0,86,0,0,0,0,17,98,100,97,0.06635071090047394,0.966824644549763,0.18009478672985782,0.23222748815165878,0.4218009478672986,0.7156398104265402,0.995260663507109,0.995260663507109,1.0,1.0,28.0,0.0,0.0,225
246,209,0,514,0,61,0,0,0,0,2,54,59,61,0.07655502392344497,0.9090909090909091,0.11961722488038277,0.17703349282296652,0.3875598086124402,0.631578947368421,1.0,0.9952153110047847,0.9952153110047847,0.9952153110047847,7.0,0.0,0.0,225
247,209,0,503,0,28,0,0,0,0,0,36,48,42,0.06698564593301436,0.9712918660287081,0.11961722488038277,0.14354066985645933,0.28708133971291866,0.5550239234449761,0.84688995215311,0.9952153110047847,0.9952153110047847,1.0,11.0,0.0,0.0,225
248,211,21,520,0,29,0,0,0,0,0,66,54,41,0.07582938388625593,0.957345971563981,0.12322274881516587,0.15165876777251186,0.4786729857819905,0.6445497630331753,0.9715639810426541,0.995260663507109,0.995260663507109,0.990521327014218,85.0,0.0,0.0,225
249,209,7,535,0,39,0,0,0,0,1,69,80,59,0.07655502392344497,0.9952153110047847,0.07177033492822966,0.10526315789473684,0.36363636363636365,0.5741626794258373,1.0,1.0,1.0,1.0,88.0,0.0,0.0,225
250,212,1,521,0,61,0,0,0,0,0,58,85,70,0.09433962264150944,0.9528301886792453,0.1320754716981132,0.14622641509433962,0.41037735849056606,0.5849056603773585,0.9481132075471698,1.0,1.0,0.9952830188679245,79.0,0.0,0.0,225
251,211,0,525,0,47,0,0,0,0,0,50,68,59,0.06635071090047394,0.995260663507109,0.14691943127962084,0.1848341232227488,0.45023696682464454,0.6303317535545023,0.995260663507109,0.995260663507109,0.995260663507109,1.0,16.0,0.0,0.0,225
252,210,0,523,0,63,0,0,0,0,6,66,75,69,0.0761904761904762,0.9476190476190476,0.10952380952380952,0.14285714285714285,0.3380952380952381,0.6571428571428571,0.9952380952380953,0.9952380952380953,0.9952380952380953,0.9952380952380953,18.0,0.0,0.0,225
253,211,0,538,0,62,0,0,0,0,0,62,75,74,0.061611374407582936,0.976303317535545,0.08530805687203792,0.0995260663507109,0.2985781990521327,0.5402843601895735,0.9004739336492891,0.995260663507109,0.995260663507109,1.0,12.0,0.0,0.0,225
254,212,8,524,0,40,0,0,0,0,0,54,66,60,0.0660377358490566,0.9952830188679245,0.14150943396226415,0.13679245283018868,0.3443396226415094,0.5990566037735849,0.9622641509433962,1.0,1.0,0.9952830188679245,87.0,0.0,0.0,225
255,209,10,541,0,74,0,0,0,0,6,75,89,74,0.07655502392344497,0.8803827751196173,0.10526315789473684,0.18181818181818182,0.3875598086124402,0.6602870813397129,1.0,0.9952153110047847,1.0,0.9952153110047847,79.0,0.0,0.0,225
256,210,11,539,0,63,0,0,0,0,0,71,92,88,0.08095238095238096,1.0,0.08571428571428572,0.16666666666666666,0.3761904761904762,0.6428571428571429,1.0,0.9952380952380953,0.9952380952380953,0.9952380952380953,86.0,0.0,0.0,225
257,209,0,510,0,41,0,0,0,0,0,39,54,50,0.10526315789473684,0.9760765550239234,0.0861244019138756,0.12440191387559808,0.3875598086124402,0.5980861244019139,0.8995215311004785,0.9952153110047847,0.9952153110047847,0.9952153110047847,6.0,0.0,0.0,225
258,211,0,523,0,63,0,0,0,0,0,54,66,67,0.0995260663507109,0.9289099526066351,0.11848341232227488,0.13744075829383887,0.3080568720379147,0.5071090047393365,0.9241706161137441,0.995260663507109,0.995260663507109,0.995260663507109,16.0,0.0,0.0,225
259,211,0,516,0,69,0,0,0,0,0,67,77,69,0.09004739336492891,0.919431279620853,0.14691943127962084,0.1895734597156398,0.3459715639810427,0.6492890995260664,0.966824644549763,1.0,1.0,0.981042654028436,17.0,0.0,0.0,225
260,212,0,491,0,27,0,0,0,0,0,15,26,32,0.05660377358490566,0.9198113207547169,0.12264150943396226,0.1320754716981132,0.3018867924528302,0.5471698113207547,0.8490566037735849,1.0,0.9952830188679245,0.9952830188679245,15.0,0.0,0.0,225
261,209,0,542,0,57,0,0,0,0,21,75,88,76,0.0861244019138756,0.9952153110047847,0.1339712918660287,0.20574162679425836,0.47368421052631576,0.6602870813397129,0.9952153110047847,1.0,0.9952153110047847,1.0,29.0,0.0,0.0,225
262,208,6,558,0,45,0,0,0,0,9,81,77,67,0.09134615384615384,0.9855769230769231,0.16346153846153846,0.17307692307692307,0.42788461538461536,0.6875,0.9951923076923077,0.9951923076923077,1.0,0.9951923076923077,89.0,0.0,0.0,225
263,212,11,512,0,37,0,0,0,0,0,65,62,37,0.07547169811320754,0.9292452830188679,0.09905660377358491,0.16037735849056603,0.3632075471698113,0.6084905660377359,0.9339622641509434,0.9952830188679245,1.0,1.0,78.0,0.0,0.0,225
264,210,27,549,0,41,0,0,0,0,6,69,80,66,0.09523809523809523,0.9857142857142858,0.15714285714285714,0.19047619047619047,0.4666666666666667,0.6952380952380952,1.0,0.9952380952380953,1.0,0.9952380952380953,85.0,0.0,0.0,225
265,209,0,510,0,56,0,0,0,0,0,70,75,69,0.05263157894736842,0.9808612440191388,0.0861244019138756,0.1291866028708134,0.3349282296650718,0.6172248803827751,0.9952153110047847,0.9952153110047847,0.9952153110047847,0.9856459330143541,13.0,0.0,0.0,225
266,209,4,533,0,76,0,0,0,0,15,75,92,86,0.06220095693779904,0.9521531100478469,0.07655502392344497,0.14832535885167464,0.37320574162679426,0.6555023923444976,1.0,0.9952153110047847,0.9952153110047847,0.9952153110047847,84.0,0.0,0.0,225
267,210,5,538,0,56,0,0,0,0,6,74,85,70,0.06190476190476191,0.9619047619047619,0.1380952380952381,0.17142857142857143,0.45714285714285713,0.6761904761904762,1.0,1.0,1.0,0.9904761904761905,86.0,0.0,0.0,225
268,212,2,532,0,48,0,0,0,0,3,55,70,64,0.06132075471698113,0.9811320754716981,0.11320754716981132,0.12735849056603774,0.3915094339622642,0.6226415094339622,0.9952830188679245,0.9952830188679245,0.9952830188679245,0.9952830188679245,61.0,0.0,0.0,225
269,211,1,539,0,86,0,0,0,0,7,83,93,87,0.061611374407582936,0.8957345971563981,0.10426540284360189,0.13744075829383887,0.3886255924170616,0.6350710900473934,0.995260663507109,1.0,1.0,0.990521327014218,83.0,0.0,0.0,225
270,278,0,502,0,0,0,0,0,0,0,0,0,0,0.05755395683453238,0.841726618705036,0.0539568345323741,0.09712230215827339,0.24100719424460432,0.4316546762589928,0.6942446043165468,0.8381294964028777,0.8884892086330936,0.8920863309352518,0.0,0.0,0.0,300
271,278,0,540,0,13,0,0,0,0,0,12,23,17,0.08633093525179857,0.9640287769784173,0.11510791366906475,0.16546762589928057,0.35611510791366907,0.5899280575539568,0.841726618705036,0.9964028776978417,0.9964028776978417,0.9964028776978417,7.0,0.0,0.0,300
272,278,2,514,0,0,0,0,0,0,0,5,0,0,0.06115107913669065,0.935251798561151,0.08992805755395683,0.1366906474820144,0.26258992805755393,0.4460431654676259,0.7589928057553957,0.9964028776978417,0.9820143884892086,0.9784172661870504,34.0,0.0,0.0,300
273,282,0,552,0,12,0,0,0,0,0,0,11,12,0.06382978723404255,0.9539007092198581,0.0851063829787234,0.10638297872340426,0.28368794326241137,0.49645390070921985,0.8156028368794326,0.9964539007092199,0.9964539007092199,1.0,5.0,0.0,0.0,300
274,281,0,552,0,8,0,0,0,0,0,2,15,11,0.05693950177935943,0.9572953736654805,0.099644128113879,0.12811387900355872,0.298932384341637,0.5551601423487544,0.8185053380782918,0.99644128113879,1.0,0.99644128113879,8.0,0.0,0.0,300
275,278,0,524,0,0,0,0,0,0,0,0,0,0,0.03597122302158273,0.9172661870503597,0.0683453237410072,0.08633093525179857,0.2841726618705036,0.4568345323741007,0.737410071942446,0.9532374100719424,0.9892086330935251,0.9820143884892086,2.0,0.0,0.0,300
276,278,0,529,0,0,0,0,0,0,0,0,1,0,0.07913669064748201,0.9388489208633094,0.08633093525179857,0.11151079136690648,0.2805755395683453,0.4460431654676259,0.7733812949640287,0.9784172661870504,0.9964028776978417,0.9784172661870504,3.0,0.0,0.0,300
277,280,0,507,0,0,0,0,0,0,0,0,0,0,0.05714285714285714,0.9142857142857143,0.08928571428571429,0.15357142857142858,0.3142857142857143,0.48214285714285715,0.7821428571428571,0.9821428571428571,0.9892857142857143,0.9642857142857143,1.0,0.0,0.0,300
278,283,0,516,0,0,0,0,0,0,0,0,0,0,0.0636042402826855,0.8515901060070671,0.0989399293286219,0.13074204946996468,0.2756183745583039,0.45229681978798586,0.6890459363957597,0.9151943462897526,0.9151943462897526,0.8904593639575972,0.0,0.0,0.0,300
279,281,0,532,0,0,0,0,0,0,0,4,8,6,0.05338078291814947,1.0,0.12099644128113879,0.12811387900355872,0.3416370106761566,0.505338078291815,0.7829181494661922,1.0,0.99644128113879,1.0,7.0,0.0,0.0,300
280,279,0,525,0,0,0,0,0,0,0,2,0,0,0.05734767025089606,0.9354838709677419,0.10752688172043011,0.13620071684587814,0.27956989247311825,0.46953405017921146,0.6845878136200717,0.996415770609319,1.0,0.996415770609319,2.0,0.0,0.0,300
281,278,0,513,0,0,0,0,0,0,0,0,0,0,0.050359712230215826,0.920863309352518,0.06474820143884892,0.09352517985611511,0.2733812949640288,0.3597122302158273,0.7589928057553957,0.9784172661870504,0.9856115107913669,0.9676258992805755,0.0,0.0,0.0,300
282,280,0,551,0,7,0,0,0,0,0,22,19,22,0.08571428571428572,0.9928571428571429,0.09642857142857143,0.11428571428571428,0.29642857142857143,0.49642857142857144,0.8107142857142857,0.9964285714285714,0.9964285714285714,0.9928571428571429,11.0,0.0,0.0,300
283,281,0,526,0,0,0,0,0,0,0,1,0,3,0.060498220640569395,0.9501779359430605,0.08185053380782918,0.1601423487544484,0.3487544483985765,0.501779359430605,0.7900355871886121,0.99644128113879,0.99644128113879,0.99644128113879,9.0,0.0,0.0,300
284,282,0,499,0,0,0,0,0,0,0,0,0,0,0.0673758865248227,0.8936170212765957,0.07446808510638298,0.12056737588652482,0.24113475177304963,0.4078014184397163,0.6595744680851063,0.9042553191489362,0.9468085106382979,0.950354609929078,0.0,0.0,0.0,300
285,278,0,513,0,0,0,0,0,0,0,0,0,0,0.06474820143884892,0.8848920863309353,0.07913669064748201,0.10071942446043165,0.302158273381295,0.5287769784172662,0.7733812949640287,0.9280575539568345,0.9532374100719424,0.935251798561151,0.0,0.0,0.0,300
286,279,0,536,0,0,0,0,0,0,0,2,1,0,0.043010752688172046,0.946236559139785,0.0967741935483871,0.15053763440860216,0.27956989247311825,0.44086021505376344,0.7706093189964157,1.0,0.996415770609319,0.992831541218638,26.0,0.0,0.0,300
287,281,0,547,0,12,0,0,0,0,0,1,17,17,0.03914590747330961,0.9644128113879004,0.09252669039145907,0.12099644128113879,0.2669039145907473,0.4483985765124555,0.7900355871886121,1.0,0.99644128113879,0.99644128113879,13.0,0.0,0.0,300
288,282,0,521,0,-1,0,0,0,0,0,0,-1,-1,0.0425531914893617,0.9219858156028369,0.04964539007092199,0.09219858156028368,0.28368794326241137,0.43617021276595747,0.6950354609929078,0.8971631205673759,0.9858156028368794,0.9680851063829787,1.0,0.0,0.0,300
289,280,0,531,0,0,0,0,0,0,0,0,0,0,0.06428571428571428,0.9178571428571428,0.08928571428571429,0.1357142857142857,0.275,0.38571428571428573,0.6785714285714286,0.9428571428571428,0.9785714285714285,0.9821428571428571,0.0,0.0,0.0,300
290,281,0,516,0,0,0,0,0,0,0,0,0,0,0.042704626334519574,0.8932384341637011,0.09608540925266904,0.14590747330960854,0.2775800711743772,0.46619217081850534,0.6548042704626335,0.9323843416370107,0.9430604982206405,0.9430604982206405,0.0,0.0,0.0,300
291,278,0,544,0,18,0,0,0,0,0,26,34,30,0.0539568345323741,0.9928057553956835,0.05755395683453238,0.1079136690647482,0.3597122302158273,0.5215827338129496,0.8633093525179856,0.9964028776978417,0.9964028776978417,0.9964028776978417,8.0,0.0,0.0,300
292,277,0,521,0,-1,0,0,0,0,0,5,-1,-1,0.05415162454873646,0.9386281588447654,0.10469314079422383,0.12274368231046931,0.2743682310469314,0.44765342960288806,0.7942238267148014,0.9963898916967509,0.9891696750902527,0.9891696750902527,6.0,0.0,0.0,300
293,281,0,515,0,0,0,0,0,0,0,0,0,0,0.0498220640569395,0.9395017793594306,0.07829181494661921,0.1387900355871886,0.34519572953736655,0.5302491103202847,0.7829181494661922,0.9822064056939501,0.9857651245551602,0.9715302491103203,6.0,0.0,0.0,300
294,281,0,539,0,4,0,0,0,0,0,6,6,13,0.06405693950177936,0.9857651245551602,0.06405693950177936,0.099644128113879,0.2918149466192171,0.45195729537366547,0.7615658362989324,0.99644128113879,0.99644128113879,0.99644128113879,18.0,0.0,0.0,300
295,280,0,495,0,0,0,0,0,0,0,0,0,0,0.07142857142857142,0.8678571428571429,0.05,0.09285714285714286,0.2,0.36428571428571427,0.6714285714285714,0.925,0.9428571428571428,0.9285714285714286,0.0,0.0,0.0,300
296,281,0,502,0,0,0,0,0,0,0,0,0,0,0.0498220640569395,0.9181494661921709,0.08185053380782918,0.11743772241992882,0.2918149466192171,0.43416370106761565,0.7188612099644128,0.9608540925266904,0.9608540925266904,0.9679715302491103,0.0,0.0,0.0,300
297,279,0,541,0,0,0,0,0,0,0,18,14,11,0.05734767025089606,1.0,0.06810035842293907,0.11469534050179211,0.30824372759856633,0.46953405017921146,0.8315412186379928,0.996415770609319,1.0,0.996415770609319,8.0,0.0,0.0,300
298,281,1,535,0,0,0,0,0,0,0,0,5,0,0.06761565836298933,0.9466192170818505,0.0711743772241993,0.11743772241992882,0.2846975088967972,0.47686832740213525,0.7580071174377224,0.9786476868327402,0.99644128113879,0.99644128113879,60.0,0.0,0.0,300
299,282,0,522,0,0,0,0,0,0,0,0,0,0,0.05319148936170213,0.8865248226950354,0.09219858156028368,0.10283687943262411,0.29432624113475175,0.41843971631205673,0.7553191489361702,0.9148936170212766,0.9361702127659575,0.9432624113475178,0.0,0.0,0.0,300
300,278,0,530,0,0,0,0,0,0,0,0,0,0,0.0683453237410072,0.9280575539568345,0.08633093525179857,0.15467625899280577,0.31654676258992803,0.5071942446043165,0.7230215827338129,0.9676258992805755,0.9928057553956835,0.9892086330935251,0.0,0.0,0.0,300
301,280,0,523,0,0,0,0,0,0,0,0,9,2,0.06428571428571428,0.975,0.07857142857142857,0.1,0.3107142857142857,0.49642857142857144,0.7928571428571428,0.9821428571428571,0.9964285714285714,0.9964285714285714,8.0,0.0,0.0,300
302,278,2,535,0,4,0,0,0,0,0,0,6,15,0.04316546762589928,0.9532374100719424,0.06474820143884892,0.11151079136690648,0.2949640287769784,0.4568345323741007,0.7769784172661871,0.9928057553956835,1.0,1.0,29.0,0.0,0.0,300
303,277,0,525,0,0,0,0,0,0,0,0,6,5,0.05415162454873646,0.9783393501805054,0.09386281588447654,0.11191335740072202,0.3285198555956679,0.5018050541516246,0.7653429602888087,0.9458483754512635,0.9963898916967509,0.9963898916967509,11.0,0.0,0.0,300
304,283,0,546,0,9,0,0,0,0,0,18,19,23,0.028268551236749116,0.9929328621908127,0.04946996466431095,0.13427561837455831,0.26501766784452296,0.47703180212014135,0.8127208480565371,0.9964664310954063,1.0,0.9964664310954063,15.0,0.0,0.0,300
305,281,0,521,0,0,0,0,0,0,0,0,4,9,0.03914590747330961,0.9750889679715302,0.07829181494661921,0.10676156583629894,0.2846975088967972,0.43416370106761565,0.697508896797153,0.9537366548042705,1.0,0.99644128113879,15.0,0.0,0.0,300
306,281,0,526,0,0,0,0,0,0,0,0,0,0,0.0498220640569395,0.9288256227758007,0.0711743772241993,0.09252669039145907,0.298932384341637,0.498220640569395,0.7651245551601423,0.9822064056939501,0.9857651245551602,0.99644128113879,4.0,0.0,0.0,300
307,279,0,529,0,0,0,0,0,0,0,0,0,0,0.07168458781362007,0.9283154121863799,0.04659498207885305,0.12186379928315412,0.31899641577060933,0.5161290322580645,0.7885304659498208,0.974910394265233,0.985663082437276,0.978494623655914,0.0,0.0,0.0,300
308,277,0,552,0,25,0,0,0,0,0,19,28,25,0.06859205776173286,0.9205776173285198,0.07220216606498195,0.11552346570397112,0.3104693140794224,0.4368231046931408,0.8014440433212996,0.9963898916967509,0.9963898916967509,0.9927797833935018,10.0,0.0,0.0,300
309,278,0,536,0,0,0,0,0,0,0,2,-1,3,0.06115107913669065,0.9784172661870504,0.07913669064748201,0.14028776978417265,0.34172661870503596,0.4676258992805755,0.7949640287769785,0.9964028776978417,0.9784172661870504,0.9964028776978417,10.0,0.0,0.0,300
310,278,0,499,0,0,0,0,0,0,0,0,0,0,0.046762589928057555,0.8992805755395683,0.0683453237410072,0.11151079136690648,0.2302158273381295,0.41007194244604317,0.7122302158273381,0.9100719424460432,0.9748201438848921,0.9496402877697842,0.0,0.0,0.0,300
311,280,0,528,0,0,0,0,0,0,0,0,0,0,0.07142857142857142,0.9357142857142857,0.07857142857142857,0.11071428571428571,0.3357142857142857,0.5464285714285714,0.7892857142857143,0.9857142857142858,0.9892857142857143,0.9892857142857143,0.0,0.0,0.0,300
312,281,0,513,0,0,0,0,0,0,0,0,0,0,0.03914590747330961,0.8932384341637011,0.05693950177935943,0.1103202846975089,0.2669039145907473,0.4555160142348754,0.6761565836298933,0.8932384341637011,0.9430604982206405,0.9395017793594306,0.0,0.0,0.0,300
313,278,0,565,0,15,0,0,0,0,0,18,27,32,0.0539568345323741,0.9856115107913669,0.07913669064748201,0.11870503597122302,0.37050359712230213,0.5143884892086331,0.8093525179856115,1.0,1.0,1.0,14.0,0.0,0.0,300
314,282,0,521,0,0,0,0,0,0,0,0,0,0,0.0673758865248227,0.8900709219858156,0.0851063829787234,0.14184397163120568,0.3333333333333333,0.5,0.7872340425531915,0.925531914893617,0.9609929078014184,0.9539007092198581,0.0,0.0,0.0,300
315,277,0,579,0,28,0,0,0,0,0,38,51,46,0.07942238267148015,0.9891696750902527,0.07581227436823104,0.12274368231046931,0.2924187725631769,0.4729241877256318,0.8158844765342961,0.9963898916967509,0.9963898916967509,0.9891696750902527,10.0,0.0,0.0,300
316,283,0,518,0,3,0,0,0,0,0,0,10,4,0.028268551236749116,0.9540636042402827,0.08833922261484099,0.12014134275618374,0.24028268551236748,0.4381625441696113,0.7314487632508834,0.9752650176678446,0.9964664310954063,1.0,9.0,0.0,0.0,300
317,280,1,514,0,0,0,0,0,0,0,0,-1,0,0.05357142857142857,0.9285714285714286,0.08928571428571429,0.11071428571428571,0.2714285714285714,0.42142857142857143,0.7392857142857143,0.9607142857142857,0.9964285714285714,0.9678571428571429,46.0,0.0,0.0,300
318,277,0,516,0,0,0,0,0,0,0,0,0,0,0.05054151624548736,0.9061371841155235,0.061371841155234655,0.07220216606498195,0.259927797833935,0.40794223826714804,0.7003610108303249,0.9530685920577617,0.9747292418772563,0.9819494584837545,0.0,0.0,0.0,300
319,279,1,517,0,0,0,0,0,0,0,0,2,0,0.07526881720430108,0.9498207885304659,0.053763440860215055,0.0931899641577061,0.22939068100358423,0.3978494623655914,0.7240143369175627,0.946236559139785,0.996415770609319,0.978494623655914,28.0,0.0,0.0,300
320,279,0,524,0,5,0,0,0,0,0,1,0,9,0.053763440860215055,0.9498207885304659,0.06093189964157706,0.1003584229390681,0.2939068100358423,0.4551971326164875,0.7670250896057348,1.0,0.985663082437276,1.0,13.0,0.0,0.0,300
321,278,0,530,0,3,0,0,0,0,0,0,6,5,0.05755395683453238,0.935251798561151,0.08633093525179857,0.12589928057553956,0.2697841726618705,0.41007194244604317,0.7410071942446043,0.9280575539568345,0.9892086330935251,1.0,5.0,0.0,0.0,300
322,281,0,533,0,5,0,0,0,0,0,2,10,16,0.046263345195729534,0.9822064056939501,0.1103202846975089,0.16725978647686832,0.28825622775800713,0.4875444839857651,0.7615658362989324,0.99644128113879,1.0,0.99644128113879,9.0,0.0,0.0,300
323,280,0,528,0,0,0,0,0,0,0,0,7,4,0.04642857142857143,0.9928571428571429,0.08928571428571429,0.10357142857142858,0.29285714285714287,0.4607142857142857,0.75,0.975,0.9964285714285714,1.0,13.0,0.0,0.0,300
324,279,0,526,0,0,0,0,0,0,0,3,14,10,0.021505376344086023,0.992831541218638,0.035842293906810034,0.08960573476702509,0.3010752688172043,0.4874551971326165,0.7706093189964157,0.996415770609319,0.996415770609319,0.996415770609319,12.0,0.0,0.0,300
325,282,0,539,0,4,0,0,0,0,0,6,12,6,0.05673758865248227,0.950354609929078,0.09574468085106383,0.12056737588652482,0.2978723404255319,0.5212765957446809,0.8404255319148937,0.9964539007092199,0.9964539007092199,0.9929078014184397,5.0,0.0,0.0,300
326,282,0,525,0,0,0,0,0,0,0,0,2,2,0.05673758865248227,0.9893617021276596,0.0673758865248227,0.0851063829787234,0.3191489361702128,0.5212765957446809,0.7695035460992907,0.975177304964539,0.9929078014184397,1.0,8.0,0.0,0.0,300
327,278,0,556,0,17,0,0,0,0,0,8,34,28,0.039568345323741004,0.9820143884892086,0.08992805755395683,0.11870503597122302,0.32014388489208634,0.5143884892086331,0.7841726618705036,0.9964028776978417,0.9964028776978417,1.0,14.0,0.0,0.0,300
328,279,0,531,0,0,0,0,0,0,0,0,17,12,0.05017921146953405,0.992831541218638,0.08602150537634409,0.1039426523297491,0.3225806451612903,0.4910394265232975,0.7491039426523297,0.989247311827957,1.0,1.0,16.0,0.0,0.0,300
329,280,1,532,0,0,0,0,0,0,0,0,2,0,0.05357142857142857,0.9214285714285714,0.06785714285714285,0.11071428571428571,0.2571428571428571,0.42142857142857143,0.6714285714285714,0.9178571428571428,0.9964285714285714,0.9678571428571429,69.0,0.0,0.0,300
330,282,0,550,0,0,0,0,0,0,0,7,13,8,0.04609929078014184,0.975177304964539,0.09574468085106383,0.1524822695035461,0.36524822695035464,0.524822695035461,0.7659574468085106,0.9964539007092199,1.0,0.9964539007092199,11.0,0.0,0.0,300
331,281,0,534,0,0,0,0,0,0,0,1,0,2,0.05693950177935943,0.9644128113879004,0.06761565836298933,0.12811387900355872,0.3309608540925267,0.498220640569395,0.8540925266903915,0.99644128113879,0.99644128113879,0.99644128113879,4.0,0.0,0.0,300
332,283,1,562,0,23,0,0,0,0,0,20,27,40,0.04946996466431095,1.0,0.08480565371024736,0.15901060070671377,0.3392226148409894,0.5512367491166078,0.8162544169611308,0.9964664310954063,0.9964664310954063,0.9964664310954063,47.0,0.0,0.0,300
333,282,0,541,0,11,0,0,0,0,0,5,20,11,0.05673758865248227,0.9468085106382979,0.0673758865248227,0.09219858156028368,0.32269503546099293,0.5354609929078015,0.8297872340425532,0.9964539007092199,0.9964539007092199,0.9858156028368794,7.0,0.0,0.0,300
334,281,0,537,0,7,0,0,0,0,0,20,27,19,0.03558718861209965,0.9893238434163701,0.06405693950177936,0.09252669039145907,0.29537366548042704,0.4697508896797153,0.8185053380782918,0.99644128113879,1.0,0.99644128113879,9.0,0.0,0.0,300
335,279,1,542,0,0,0,0,0,0,0,0,2,0,0.04659498207885305,0.9354838709677419,0.06810035842293907,0.11469534050179211,0.3046594982078853,0.48028673835125446,0.7813620071684588,0.967741935483871,1.0,0.985663082437276,36.0,0.0,0.0,300
336,279,0,520,0,0,0,0,0,0,0,0,0,2,0.043010752688172046,0.982078853046595,0.08960573476702509,0.1039426523297491,0.3154121863799283,0.4157706093189964,0.7491039426523297,0.9605734767025089,0.985663082437276,0.989247311827957,2.0,0.0,0.0,300
337,282,0,516,0,0,0,0,0,0,0,0,0,0,0.07446808510638298,0.8936170212765957,0.07446808510638298,0.11347517730496454,0.25177304964539005,0.4716312056737589,0.7624113475177305,0.925531914893617,0.9397163120567376,0.9787234042553191,0.0,0.0,0.0,300
338,282,0,521,0,0,0,0,0,0,0,0,0,0,0.0673758865248227,0.9113475177304965,0.10283687943262411,0.14893617021276595,0.3049645390070922,0.524822695035461,0.8226950354609929,0.9468085106382979,0.9716312056737588,0.9468085106382979,0.0,0.0,0.0,300
339,281,0,507,0,0,0,0,0,0,0,0,0,0,0.05693950177935943,0.9359430604982206,0.07473309608540925,0.08540925266903915,0.2526690391459075,0.47330960854092524,0.701067615658363,0.9288256227758007,0.9644128113879004,0.9750889679715302,0.0,0.0,0.0,300
340,281,0,522,0,0,0,0,0,0,0,0,0,0,0.06405693950177936,0.9217081850533808,0.07473309608540925,0.10676156583629894,0.2846975088967972,0.42704626334519574,0.6903914590747331,0.9822064056939501,0.9857651245551602,0.9786476868327402,0.0,0.0,0.0,300
341,283,0,544,0,-1,0,0,0,0,0,0,0,-1,0.04946996466431095,0.9187279151943463,0.08480565371024736,0.10954063604240283,0.29328621908127206,0.45936395759717313,0.7314487632508834,0.9293286219081273,0.9929328621908127,0.9858657243816255,3.0,0.0,0.0,300
342,280,0,523,0,0,0,0,0,0,0,0,6,0,0.02857142857142857,0.9357142857142857,0.1,0.13214285714285715,0.3107142857142857,0.5178571428571429,0.8,0.975,0.9964285714285714,0.9892857142857143,4.0,0.0,0.0,300
343,279,0,519,0,0,0,0,0,0,0,0,0,0,0.053763440860215055,0.910394265232975,0.08960573476702509,0.11469534050179211,0.2939068100358423,0.46236559139784944,0.6953405017921147,0.942652329749104,0.974910394265233,0.96415770609319,0.0,0.0,0.0,300
344,282,0,536,0,11,0,0,0,0,0,1,20,16,0.03900709219858156,0.9645390070921985,0.03900709219858156,0.0851063829787234,0.30141843971631205,0.46099290780141844,0.7836879432624113,0.9964539007092199,0.9964539007092199,1.0,8.0,0.0,0.0,300
345,278,0,506,0,0,0,0,0,0,0,0,0,0,0.05755395683453238,0.8705035971223022,0.09712230215827339,0.11151079136690648,0.2805755395683453,0.48201438848920863,0.6690647482014388,0.89568345323741,0.9388489208633094,0.9244604316546763,0.0,0.0,0.0,300
346,281,0,545,0,16,0,0,0,0,0,19,22,17,0.042704626334519574,0.9430604982206405,0.10676156583629894,0.13523131672597866,0.3274021352313167,0.5480427046263345,0.7686832740213523,0.99644128113879,0.99644128113879,1.0,7.0,0.0,0.0,300
347,282,0,545,0,0,0,0,0,0,0,7,8,3,0.08156028368794327,0.9893617021276596,0.07446808510638298,0.1524822695035461,0.3120567375886525,0.48226950354609927,0.7411347517730497,0.9964539007092199,0.9964539007092199,1.0,5.0,0.0,0.0,300
348,277,0,523,0,0,0,0,0,0,0,0,0,0,0.05415162454873646,0.9133574007220217,0.10469314079422383,0.12274368231046931,0.26714801444043323,0.4259927797833935,0.7364620938628159,0.9133574007220217,0.9747292418772563,0.9638989169675091,0.0,0.0,0.0,300
349,281,0,531,0,0,0,0,0,0,0,0,0,0,0.07829181494661921,0.9252669039145908,0.11387900355871886,0.13523131672597866,0.3096085409252669,0.43416370106761565,0.7188612099644128,0.9608540925266904,0.9644128113879004,0.9928825622775801,0.0,0.0,0.0,300
350,281,0,527,0,-1,0,0,0,0,0,0,1,-1,0.05338078291814947,0.9395017793594306,0.09608540925266904,0.15658362989323843,0.3096085409252669,0.4804270462633452,0.7224199288256228,0.9786476868327402,1.0,0.9893238434163701,10.0,0.0,0.0,300
351,279,0,507,0,0,0,0,0,0,0,0,0,0,0.017921146953405017,0.9247311827956989,0.07168458781362007,0.13261648745519714,0.35842293906810035,0.5232974910394266,0.6845878136200717,0.9390681003584229,0.96415770609319,0.974910394265233,0.0,0.0,0.0,300
352,279,0,546,0,15,0,0,0,0,0,13,27,30,0.03942652329749104,0.985663082437276,0.05734767025089606,0.12544802867383512,0.3333333333333333,0.4946236559139785,0.8028673835125448,1.0,1.0,0.989247311827957,6.0,0.0,0.0,300
353,279,0,528,0,0,0,0,0,0,0,4,20,15,0.025089605734767026,0.996415770609319,0.053763440860215055,0.1039426523297491,0.26523297491039427,0.48028673835125446,0.7813620071684588,0.996415770609319,0.996415770609319,0.992831541218638,17.0,0.0,0.0,300
354,282,0,542,0,12,0,0,0,0,0,10,19,17,0.05673758865248227,0.950354609929078,0.07801418439716312,0.10283687943262411,0.2695035460992908,0.450354609929078,0.7801418439716312,1.0,1.0,1.0,11.0,0.0,0.0,300
355,279,0,513,0,0,0,0,0,0,0,0,0,0,0.035842293906810034,0.9283154121863799,0.06451612903225806,0.0931899641577061,0.25448028673835127,0.4014336917562724,0.6881720430107527,0.942652329749104,0.967741935483871,0.974910394265233,0.0,0.0,0.0,300
356,282,0,524,0,0,0,0,0,0,0,0,7,0,0.05673758865248227,0.9609929078014184,0.06028368794326241,0.14184397163120568,0.3049645390070922,0.48936170212765956,0.7730496453900709,0.9929078014184397,1.0,0.9929078014184397,9.0,0.0,0.0,300
357,283,0,518,0,0,0,0,0,0,0,0,0,0,0.04946996466431095,0.911660777385159,0.0706713780918728,0.12367491166077739,0.3286219081272085,0.5017667844522968,0.7561837455830389,0.9328621908127208,0.9752650176678446,0.9611307420494699,0.0,0.0,0.0,300
358,282,0,537,0,-1,0,0,0,0,0,10,9,11,0.05673758865248227,0.975177304964539,0.07446808510638298,0.11702127659574468,0.30851063829787234,0.5,0.7836879432624113,0.9964539007092199,1.0,0.9964539007092199,11.0,0.0,0.0,300
359,281,0,538,0,-1,0,0,0,0,0,3,12,4,0.07473309608540925,0.9679715302491103,0.10320284697508897,0.12455516014234876,0.2704626334519573,0.46619217081850534,0.7935943060498221,0.99644128113879,1.0,1.0,6.0,0.0,0.0,300
360,347,0,525,0,0,0,0,0,0,0,0,0,0,0.04610951008645533,0.7579250720461095,0.069164265129683,0.08357348703170028,0.23919308357348704,0.37752161383285304,0.622478386167147,0.7780979827089337,0.8270893371757925,0.7982708933717579,0.0,0.0,0.0,375
361,351,0,525,0,0,0,0,0,0,0,0,0,0,0.02564102564102564,0.7606837606837606,0.06552706552706553,0.08262108262108261,0.24216524216524216,0.42165242165242167,0.6153846153846154,0.7834757834757835,0.8176638176638177,0.8148148148148148,0.0,0.0,0.0,375
362,349,0,515,0,0,0,0,0,0,0,0,0,0,0.025787965616045846,0.7191977077363897,0.0659025787965616,0.08022922636103152,0.24355300859598855,0.36962750716332377,0.5988538681948424,0.7564469914040115,0.7650429799426934,0.7535816618911175,0.0,0.0,0.0,375
363,353,0,518,0,0,0,0,0,0,0,0,0,0,0.04815864022662889,0.7450424929178471,0.0764872521246459,0.0679886685552408,0.2237960339943343,0.35410764872521244,0.6005665722379604,0.7847025495750708,0.7903682719546742,0.7875354107648725,0.0,0.0,0.0,375
364,354,0,513,0,0,0,0,0,0,0,0,0,0,0.03672316384180791,0.7203389830508474,0.062146892655367235,0.0847457627118644,0.2231638418079096,0.3757062146892655,0.6129943502824858,0.7175141242937854,0.7711864406779662,0.7627118644067796,0.0,0.0,0.0,375
365,353,0,539,0,0,0,0,0,0,0,0,0,0,0.031161473087818695,0.7563739376770539,0.056657223796033995,0.09915014164305949,0.24079320113314448,0.37393767705382436,0.5977337110481586,0.7875354107648725,0.8101983002832861,0.7875354107648725,0.0,0.0,0.0,375
366,350,0,531,0,0,0,0,0,0,0,0,0,0,0.04285714285714286,0.8142857142857143,0.06571428571428571,0.11142857142857143,0.21142857142857144,0.3514285714285714,0.6657142857142857,0.8628571428571429,0.8628571428571429,0.8314285714285714,0.0,0.0,0.0,375
367,353,0,511,0,0,0,0,0,0,0,0,0,0,0.042492917847025496,0.7252124645892352,0.042492917847025496,0.09915014164305949,0.22662889518413598,0.40509915014164305,0.6005665722379604,0.7450424929178471,0.7818696883852692,0.773371104815864,0.0,0.0,0.0,375
368,347,0,555,0,0,0,0,0,0,0,0,0,0,0.040345821325648415,0.8155619596541787,0.06051873198847262,0.09798270893371758,0.26512968299711814,0.40634005763688763,0.6455331412103746,0.8443804034582133,0.8559077809798271,0.8559077809798271,0.0,0.0,0.0,375
369,351,0,540,0,0,0,0,0,0,0,0,0,0,0.05698005698005698,0.7777777777777778,0.07122507122507123,0.09401709401709402,0.27350427350427353,0.396011396011396,0.6182336182336182,0.7977207977207977,0.8233618233618234,0.8148148148148148,0.0,0.0,0.0,375
370,347,0,557,0,0,0,0,0,0,0,0,0,0,0.03170028818443804,0.792507204610951,0.08069164265129683,0.10086455331412104,0.24495677233429394,0.34293948126801155,0.6455331412103746,0.829971181556196,0.8472622478386167,0.8501440922190202,0.0,0.0,0.0,375
371,349,0,555,0,0,0,0,0,0,0,0,0,0,0.054441260744985676,0.8080229226361032,0.06303724928366762,0.10315186246418338,0.27793696275071633,0.42120343839541546,0.6475644699140402,0.7879656160458453,0.830945558739255,0.8424068767908309,0.0,0.0,0.0,375
372,348,0,515,0,0,0,0,0,0,0,0,0,0,0.05172413793103448,0.7385057471264368,0.07758620689655173,0.07471264367816093,0.23850574712643677,0.35344827586206895,0.6379310344827587,0.7701149425287356,0.7758620689655172,0.7816091954022989,0.0,0.0,0.0,375
373,349,0,520,0,0,0,0,0,0,0,0,0,0,0.03724928366762178,0.7335243553008596,0.07163323782234957,0.09455587392550144,0.27793696275071633,0.42406876790830944,0.6045845272206304,0.7736389684813754,0.7736389684813754,0.7679083094555874,0.0,0.0,0.0,375
374,349,0,503,0,0,0,0,0,0,0,0,0,0,0.03151862464183381,0.6934097421203438,0.0830945558739255,0.08882521489971347,0.22922636103151864,0.332378223495702,0.5616045845272206,0.7191977077363897,0.7220630372492837,0.7306590257879656,0.0,0.0,0.0,375
375,347,0,510,0,0,0,0,0,0,0,0,0,0,0.04899135446685879,0.729106628242075,0.040345821325648415,0.08357348703170028,0.21613832853025935,0.38328530259365995,0.5389048991354467,0.7665706051873199,0.7867435158501441,0.7579250720461095,0.0,0.0,0.0,375
376,350,0,535,0,0,0,0,0,0,0,0,0,0,0.04,0.7914285714285715,0.06857142857142857,0.07428571428571429,0.22,0.38285714285714284,0.5685714285714286,0.78,0.8457142857142858,0.8285714285714286,0.0,0.0,0.0,375
377,350,0,529,0,0,0,0,0,0,0,0,0,0,0.04,0.7685714285714286,0.06285714285714286,0.08857142857142856,0.22857142857142856,0.38,0.6257142857142857,0.7914285714285715,0.8228571428571428,0.8085714285714286,0.0,0.0,0.0,375
378,348,0,540,0,0,0,0,0,0,0,0,0,0,0.040229885057471264,0.7672413793103449,0.06896551724137931,0.10344827586206896,0.2614942528735632,0.3936781609195402,0.6005747126436781,0.7729885057471264,0.8017241379310345,0.8189655172413793,0.0,0.0,0.0,375
379,351,0,556,0,0,0,0,0,0,0,0,0,0,0.039886039886039885,0.8319088319088319,0.06267806267806268,0.07692307692307693,0.23646723646723647,0.452991452991453,0.6837606837606838,0.8660968660968661,0.8831908831908832,0.8518518518518519,0.0,0.0,0.0,375
380,353,0,542,0,0,0,0,0,0,0,0,0,0,0.056657223796033995,0.7790368271954674,0.08781869688385269,0.1501416430594901,0.254957507082153,0.3909348441926346,0.6402266288951841,0.8158640226628895,0.8413597733711048,0.8271954674220963,0.0,0.0,0.0,375
381,351,0,548,0,0,0,0,0,0,0,0,0,0,0.03418803418803419,0.7692307692307693,0.04843304843304843,0.09686609686609686,0.2336182336182336,0.32193732193732194,0.5641025641025641,0.8034188034188035,0.8319088319088319,0.8091168091168092,0.0,0.0,0.0,375
382,350,0,512,0,0,0,0,0,0,0,0,0,0,0.05142857142857143,0.7028571428571428,0.06,0.10857142857142857,0.21714285714285714,0.2914285714285714,0.54,0.7257142857142858,0.7771428571428571,0.7342857142857143,0.0,0.0,0.0,375
383,348,0,517,0,0,0,0,0,0,0,0,0,0,0.04310344827586207,0.7471264367816092,0.06896551724137931,0.08620689655172414,0.21839080459770116,0.3103448275862069,0.5718390804597702,0.7844827586206896,0.7873563218390804,0.7816091954022989,0.0,0.0,0.0,375
384,351,0,556,0,0,0,0,0,0,0,0,0,0,0.04843304843304843,0.8233618233618234,0.06267806267806268,0.09401709401709402,0.2222222222222222,0.4017094017094017,0.6524216524216524,0.8376068376068376,0.886039886039886,0.8717948717948718,0.0,0.0,0.0,375
385,348,0,509,0,0,0,0,0,0,0,0,0,0,0.040229885057471264,0.7241379310344828,0.06609195402298851,0.10344827586206896,0.19827586206896552,0.3620689655172414,0.6350574712643678,0.7586206896551724,0.7729885057471264,0.7614942528735632,0.0,0.0,0.0,375
386,351,0,524,0,0,0,0,0,0,0,0,0,0,0.03418803418803419,0.7264957264957265,0.07122507122507123,0.09116809116809117,0.24216524216524216,0.37037037037037035,0.5413105413105413,0.7464387464387464,0.7749287749287749,0.7720797720797721,0.0,0.0,0.0,375
387,351,0,565,0,0,0,0,0,0,0,0,0,0,0.04843304843304843,0.8347578347578347,0.045584045584045586,0.10256410256410256,0.20797720797720798,0.3789173789173789,0.6410256410256411,0.8490028490028491,0.8803418803418803,0.8660968660968661,0.0,0.0,0.0,375
388,347,0,503,0,0,0,0,0,0,0,0,0,0,0.05187319884726225,0.6801152737752162,0.07780979827089338,0.0893371757925072,0.22478386167146974,0.3631123919308357,0.5302593659942363,0.7146974063400576,0.7348703170028819,0.7146974063400576,0.0,0.0,0.0,375
389,348,0,522,0,0,0,0,0,0,0,0,0,0,0.06321839080459771,0.7270114942528736,0.10632183908045977,0.12931034482758622,0.22126436781609196,0.34195402298850575,0.5603448275862069,0.7614942528735632,0.7586206896551724,0.7672413793103449,0.0,0.0,0.0,375
390,352,0,515,0,0,0,0,0,0,0,0,0,0,0.03409090909090909,0.7102272727272727,0.05113636363636364,0.09375,0.1846590909090909,0.3352272727272727,0.6136363636363636,0.7443181818181818,0.7329545454545454,0.7642045454545454,0.0,0.0,0.0,375
391,352,0,564,0,0,0,0,0,0,0,0,0,0,0.05113636363636364,0.8494318181818182,0.09375,0.12215909090909091,0.26420454545454547,0.42329545454545453,0.6903409090909091,0.8153409090909091,0.8920454545454546,0.875,0.0,0.0,0.0,375
392,353,0,556,0,0,0,0,0,0,0,0,0,0,0.05099150141643059,0.7762039660056658,0.08498583569405099,0.12181303116147309,0.2577903682719547,0.3881019830028329,0.6713881019830028,0.8215297450424929,0.8045325779036827,0.8186968838526912,0.0,0.0,0.0,375
393,351,0,547,0,0,0,0,0,0,0,0,0,0,0.03418803418803419,0.792022792022792,0.06552706552706553,0.09971509971509972,0.24216524216524216,0.3732193732193732,0.6125356125356125,0.8376068376068376,0.8347578347578347,0.8233618233618234,0.0,0.0,0.0,375
394,348,0,542,0,0,0,0,0,0,0,0,0,0,0.04597701149425287,0.7844827586206896,0.07758620689655173,0.08045977011494253,0.19827586206896552,0.3764367816091954,0.632183908045977,0.7729885057471264,0.8189655172413793,0.8189655172413793,0.0,0.0,0.0,375
395,353,0,525,0,0,0,0,0,0,0,0,0,0,0.0339943342776204,0.7053824362606232,0.0821529745042493,0.09915014164305949,0.23229461756373937,0.3371104815864023,0.5694050991501416,0.7223796033994334,0.7705382436260623,0.7365439093484419,0.0,0.0,0.0,375
396,352,0,496,0,0,0,0,0,0,0,0,0,0,0.048295454545454544,0.6846590909090909,0.05965909090909091,0.08806818181818182,0.23579545454545456,0.35795454545454547,0.5823863636363636,0.6960227272727273,0.7357954545454546,0.7130681818181818,0.0,0.0,0.0,375
397,353,0,557,0,0,0,0,0,0,0,0,0,0,0.042492917847025496,0.830028328611898,0.053824362606232294,0.09631728045325778,0.1954674220963173,0.37677053824362605,0.5807365439093485,0.8526912181303116,0.8611898016997167,0.8923512747875354,0.0,0.0,0.0,375
398,349,0,547,0,0,0,0,0,0,0,0,0,0,0.022922636103151862,0.8194842406876791,0.05157593123209169,0.09742120343839542,0.2664756446991404,0.4269340974212034,0.6590257879656161,0.8510028653295129,0.8710601719197708,0.8710601719197708,0.0,0.0,0.0,375
399,349,0,515,0,0,0,0,0,0,0,0,0,0,0.017191977077363897,0.7363896848137536,0.04871060171919771,0.08882521489971347,0.2148997134670487,0.3495702005730659,0.5845272206303725,0.7449856733524355,0.7593123209169055,0.7879656160458453,0.0,0.0,0.0,375
400,347,0,551,0,0,0,0,0,0,0,0,0,0,0.05475504322766571,0.8184438040345822,0.08069164265129683,0.1037463976945245,0.2680115273775216,0.42363112391930835,0.654178674351585,0.8414985590778098,0.8530259365994236,0.8587896253602305,0.0,0.0,0.0,375
401,350,0,527,0,0,0,0,0,0,0,0,0,0,0.03428571428571429,0.7485714285714286,0.08285714285714285,0.11428571428571428,0.24857142857142858,0.3914285714285714,0.6228571428571429,0.7714285714285715,0.8142857142857143,0.8171428571428572,0.0,0.0,0.0,375
402,351,0,496,0,0,0,0,0,0,0,0,0,0,0.045584045584045586,0.6752136752136753,0.05413105413105413,0.08831908831908832,0.20512820512820512,0.36182336182336183,0.6011396011396012,0.7435897435897436,0.7122507122507122,0.7150997150997151,0.0,0.0,0.0,375
403,347,0,542,0,0,0,0,0,0,0,0,0,0,0.04899135446685879,0.7694524495677233,0.08357348703170028,0.11815561959654179,0.2276657060518732,0.3573487031700288,0.5850144092219021,0.7838616714697406,0.792507204610951,0.8155619596541787,0.0,0.0,0.0,375
404,350,0,570,0,0,0,0,0,0,0,0,0,0,0.06285714285714286,0.86,0.06571428571428571,0.12,0.29428571428571426,0.4114285714285714,0.7,0.8885714285714286,0.8971428571428571,0.9028571428571428,0.0,0.0,0.0,375
405,350,0,526,0,0,0,0,0,0,0,0,0,0,0.04285714285714286,0.7657142857142857,0.06,0.09714285714285714,0.23714285714285716,0.35428571428571426,0.5571428571428572,0.7857142857142857,0.8314285714285714,0.8085714285714286,0.0,0.0,0.0,375
406,346,0,555,0,0,0,0,0,0,0,0,0,0,0.031791907514450865,0.8208092485549133,0.05491329479768786,0.07514450867052024,0.22254335260115607,0.407514450867052,0.6763005780346821,0.8526011560693642,0.8497109826589595,0.8815028901734104,0.0,0.0,0.0,375
407,348,0,549,0,0,0,0,0,0,0,0,0,0,0.06896551724137931,0.75,0.07758620689655173,0.12643678160919541,0.2614942528735632,0.3764367816091954,0.6264367816091954,0.7959770114942529,0.7844827586206896,0.7902298850574713,0.0,0.0,0.0,375
408,349,0,497,0,0,0,0,0,0,0,0,0,0,0.03151862464183381,0.7134670487106017,0.0659025787965616,0.09169054441260745,0.20916905444126074,0.3037249283667622,0.5472779369627507,0.7564469914040115,0.7306590257879656,0.7535816618911175,0.0,0.0,0.0,375
409,348,0,554,0,0,0,0,0,0,0,0,0,0,0.08045977011494253,0.8477011494252874,0.07471264367816093,0.08620689655172414,0.22701149425287356,0.382183908045977,0.6494252873563219,0.8563218390804598,0.8994252873563219,0.8850574712643678,0.0,0.0,0.0,375
410,350,0,540,0,0,0,0,0,0,0,0,0,0,0.04285714285714286,0.7685714285714286,0.054285714285714284,0.10857142857142857,0.24857142857142858,0.38285714285714284,0.6285714285714286,0.7971428571428572,0.8171428571428572,0.8171428571428572,0.0,0.0,0.0,375
411,349,0,541,0,0,0,0,0,0,0,0,0,0,0.034383954154727794,0.7621776504297995,0.07449856733524356,0.12607449856733524,0.24641833810888253,0.38968481375358166,0.5845272206303725,0.8051575931232091,0.8051575931232091,0.7965616045845272,0.0,0.0,0.0,375
412,348,0,512,0,0,0,0,0,0,0,0,0,0,0.034482758620689655,0.7701149425287356,0.06321839080459771,0.06609195402298851,0.22701149425287356,0.40804597701149425,0.6005747126436781,0.7844827586206896,0.8275862068965517,0.8218390804597702,0.0,0.0,0.0,375
413,351,0,506,0,0,0,0,0,0,0,0,0,0,0.06552706552706553,0.6809116809116809,0.08547008547008547,0.11965811965811966,0.21082621082621084,0.3333333333333333,0.5356125356125356,0.6695156695156695,0.7065527065527065,0.717948717948718,0.0,0.0,0.0,375
414,348,0,527,0,0,0,0,0,0,0,0,0,0,0.04597701149425287,0.7241379310344828,0.06896551724137931,0.1235632183908046,0.2442528735632184,0.3333333333333333,0.5718390804597702,0.7557471264367817,0.7931034482758621,0.7701149425287356,0.0,0.0,0.0,375
415,352,0,494,0,0,0,0,0,0,0,0,0,0,0.028409090909090908,0.6789772727272727,0.0625,0.10227272727272728,0.21875,0.3494318181818182,0.5681818181818182,0.6619318181818182,0.7329545454545454,0.7301136363636364,0.0,0.0,0.0,375
416,352,0,552,0,0,0,0,0,0,0,0,0,0,0.03977272727272727,0.8125,0.09943181818181818,0.11079545454545454,0.24147727272727273,0.3977272727272727,0.6278409090909091,0.84375,0.8522727272727273,0.8551136363636364,0.0,0.0,0.0,375
417,354,0,517,0,0,0,0,0,0,0,0,0,0,0.03672316384180791,0.7146892655367232,0.05649717514124294,0.11299435028248588,0.2344632768361582,0.4067796610169492,0.5988700564971752,0.7655367231638418,0.7401129943502824,0.7570621468926554,0.0,0.0,0.0,375
418,346,0,541,0,0,0,0,0,0,0,0,0,0,0.03757225433526012,0.8005780346820809,0.06647398843930635,0.11271676300578035,0.21965317919075145,0.3670520231213873,0.6242774566473989,0.791907514450867,0.8294797687861272,0.8410404624277457,0.0,0.0,0.0,375
419,349,0,527,0,0,0,0,0,0,0,0,0,0,0.03151862464183381,0.7449856733524355,0.07449856733524356,0.10601719197707736,0.22922636103151864,0.37249283667621774,0.5988538681948424,0.7822349570200573,0.7908309455587392,0.7793696275071633,0.0,0.0,0.0,375
420,353,0,570,0,0,0,0,0,0,0,0,0,0,0.0708215297450425,0.8016997167138811,0.1048158640226629,0.1388101983002833,0.2521246458923513,0.39943342776203966,0.6458923512747875,0.8441926345609065,0.8668555240793201,0.8356940509915014,0.0,0.0,0.0,375
421,350,0,552,0,0,0,0,0,0,0,0,0,0,0.045714285714285714,0.8342857142857143,0.08285714285714285,0.07142857142857142,0.24285714285714285,0.3914285714285714,0.6228571428571429,0.8571428571428571,0.8885714285714286,0.88,0.0,0.0,0.0,375
422,350,0,540,0,0,0,0,0,0,0,0,0,0,0.02857142857142857,0.8142857142857143,0.08,0.08857142857142856,0.2714285714285714,0.37714285714285717,0.6314285714285715,0.8314285714285714,0.86,0.8485714285714285,0.0,0.0,0.0,375
423,347,0,568,0,0,0,0,0,0,0,0,0,0,0.037463976945244955,0.8587896253602305,0.08645533141210375,0.08645533141210375,0.2910662824207493,0.4697406340057637,0.6772334293948127,0.9048991354466859,0.8962536023054755,0.8962536023054755,0.0,0.0,0.0,375
424,351,0,542,0,0,0,0,0,0,0,0,0,0,0.05698005698005698,0.8034188034188035,0.06837606837606838,0.08831908831908832,0.23931623931623933,0.3789173789173789,0.6153846153846154,0.8205128205128205,0.8404558404558404,0.8376068376068376,0.0,0.0,0.0,375
425,353,0,511,0,0,0,0,0,0,0,0,0,0,0.04815864022662889,0.7025495750708215,0.0708215297450425,0.07365439093484419,0.2096317280453258,0.3342776203966006,0.5524079320113314,0.7337110481586402,0.7507082152974505,0.7195467422096318,0.0,0.0,0.0,375
426,352,0,526,0,0,0,0,0,0,0,0,0,0,0.06534090909090909,0.7471590909090909,0.07670454545454546,0.125,0.21306818181818182,0.3693181818181818,0.59375,0.7755681818181818,0.7954545454545454,0.7954545454545454,0.0,0.0,0.0,375
427,350,0,527,0,0,0,0,0,0,0,0,0,0,0.04857142857142857,0.7771428571428571,0.06,0.07428571428571429,0.23714285714285716,0.4114285714285714,0.6371428571428571,0.7628571428571429,0.8085714285714286,0.8228571428571428,0.0,0.0,0.0,375
428,349,0,553,0,0,0,0,0,0,0,0,0,0,0.05157593123209169,0.8166189111747851,0.08022922636103152,0.11461318051575932,0.24355300859598855,0.4068767908309456,0.6303724928366762,0.830945558739255,0.8624641833810889,0.8681948424068768,0.0,0.0,0.0,375
429,348,0,551,0,0,0,0,0,0,0,0,0,0,0.04885057471264368,0.8448275862068966,0.05747126436781609,0.09482758620689655,0.2557471264367816,0.40229885057471265,0.6494252873563219,0.8620689655172413,0.8936781609195402,0.8908045977011494,0.0,0.0,0.0,375
430,353,0,560,0,0,0,0,0,0,0,0,0,0,0.036827195467422094,0.830028328611898,0.07365439093484419,0.10198300283286119,0.26062322946175637,0.42209631728045327,0.6628895184135978,0.8441926345609065,0.8838526912181303,0.8696883852691218,0.0,0.0,0.0,375
431,352,0,542,0,0,0,0,0,0,0,0,0,0,0.05397727272727273,0.78125,0.08238636363636363,0.08806818181818182,0.21022727272727273,0.375,0.5909090909090909,0.8295454545454546,0.84375,0.8181818181818182,0.0,0.0,0.0,375
432,349,0,533,0,0,0,0,0,0,0,0,0,0,0.04871060171919771,0.7306590257879656,0.08022922636103152,0.10888252148997135,0.2521489971346705,0.3667621776504298,0.5787965616045845,0.7621776504297995,0.7879656160458453,0.7707736389684814,0.0,0.0,0.0,375
433,348,0,530,0,0,0,0,0,0,0,0,0,0,0.02586206896551724,0.7557471264367817,0.07183908045977011,0.08620689655172414,0.22988505747126436,0.35344827586206895,0.5689655172413793,0.7471264367816092,0.7988505747126436,0.8103448275862069,0.0,0.0,0.0,375
434,354,0,561,0,0,0,0,0,0,0,0,0,0,0.06779661016949153,0.827683615819209,0.06779661016949153,0.10734463276836158,0.2711864406779661,0.4096045197740113,0.6694915254237288,0.8418079096045198,0.8728813559322034,0.8728813559322034,0.0,0.0,0.0,375
435,346,0,517,0,0,0,0,0,0,0,0,0,0,0.049132947976878616,0.6820809248554913,0.07514450867052024,0.08670520231213873,0.24566473988439305,0.3901734104046243,0.5924855491329479,0.7138728323699421,0.7225433526011561,0.7369942196531792,0.0,0.0,0.0,375
436,346,0,526,0,0,0,0,0,0,0,0,0,0,0.031791907514450865,0.7485549132947977,0.06647398843930635,0.12427745664739884,0.24855491329479767,0.37283236994219654,0.5780346820809249,0.7485549132947977,0.8005780346820809,0.7890173410404624,0.0,0.0,0.0,375
437,353,0,528,0,0,0,0,0,0,0,0,0,0,0.05099150141643059,0.7620396600566572,0.059490084985835696,0.0764872521246459,0.22946175637393768,0.34844192634560905,0.5694050991501416,0.7903682719546742,0.8186968838526912,0.7932011331444759,0.0,0.0,0.0,375
438,350,0,517,0,0,0,0,0,0,0,0,0,0,0.045714285714285714,0.7228571428571429,0.07714285714285714,0.09142857142857143,0.20857142857142857,0.37714285714285717,0.5228571428571429,0.7428571428571429,0.7828571428571428,0.7571428571428571,0.0,0.0,0.0,375
439,348,0,514,0,0,0,0,0,0,0,0,0,0,0.03735632183908046,0.6925287356321839,0.08333333333333333,0.11781609195402298,0.2442528735632184,0.35344827586206895,0.5948275862068966,0.7528735632183908,0.7528735632183908,0.7413793103448276,0.0,0.0,0.0,375
440,351,0,527,0,0,0,0,0,0,0,0,0,0,0.03133903133903134,0.7635327635327636,0.05982905982905983,0.09686609686609686,0.22792022792022792,0.39316239316239315,0.6524216524216524,0.7891737891737892,0.8091168091168092,0.8034188034188035,0.0,0.0,0.0,375
441,350,0,519,0,0,0,0,0,0,0,0,0,0,0.05714285714285714,0.7514285714285714,0.06857142857142857,0.11428571428571428,0.2714285714285714,0.4057142857142857,0.6,0.7657142857142857,0.8057142857142857,0.7914285714285715,0.0,0.0,0.0,375
442,351,0,557,0,0,0,0,0,0,0,0,0,0,0.07407407407407407,0.8062678062678063,0.07977207977207977,0.09686609686609686,0.28205128205128205,0.39316239316239315,0.6068376068376068,0.811965811965812,0.8433048433048433,0.8433048433048433,0.0,0.0,0.0,375
443,350,0,541,0,0,0,0,0,0,0,0,0,0,0.04285714285714286,0.7885714285714286,0.08571428571428572,0.09714285714285714,0.28,0.36857142857142855,0.6685714285714286,0.8142857142857143,0.8085714285714286,0.8257142857142857,0.0,0.0,0.0,375
444,348,0,530,0,0,0,0,0,0,0,0,0,0,0.05172413793103448,0.7298850574712644,0.06896551724137931,0.08908045977011494,0.25,0.3879310344827586,0.5890804597701149,0.7586206896551724,0.7729885057471264,0.7729885057471264,0.0,0.0,0.0,375
445,349,0,506,0,0,0,0,0,0,0,0,0,0,0.02865329512893983,0.7191977077363897,0.06017191977077364,0.09169054441260745,0.20916905444126074,0.3753581661891118,0.5730659025787965,0.7249283667621776,0.7478510028653295,0.7564469914040115,0.0,0.0,0.0,375
446,349,0,557,0,0,0,0,0,0,0,0,0,0,0.05730659025787966,0.8051575931232091,0.08022922636103152,0.11174785100286533,0.2664756446991404,0.4584527220630373,0.667621776504298,0.8137535816618912,0.8624641833810889,0.8653295128939829,0.0,0.0,0.0,375
447,347,0,503,0,0,0,0,0,0,0,0,0,0,0.02881844380403458,0.7348703170028819,0.06628242074927954,0.11527377521613832,0.21613832853025935,0.345821325648415,0.5417867435158501,0.7953890489913544,0.7723342939481268,0.7579250720461095,0.0,0.0,0.0,375
448,353,0,546,0,0,0,0,0,0,0,0,0,0,0.042492917847025496,0.7393767705382436,0.056657223796033995,0.11048158640226628,0.22946175637393768,0.35410764872521244,0.5949008498583569,0.7450424929178471,0.773371104815864,0.7875354107648725,0.0,0.0,0.0,375
449,349,0,507,0,0,0,0,0,0,0,0,0,0,0.034383954154727794,0.670487106017192,0.08882521489971347,0.10315186246418338,0.2349570200573066,0.41260744985673353,0.5845272206303725,0.7421203438395415,0.7220630372492837,0.7048710601719198,0.0,0.0,0.0,375
